PRAGMA foreign_keys = ON;

BEGIN;
INSERT INTO students(username,permission,age,gender,native_country) VALUES ('ilovechicken',1,20,'m','India');
INSERT INTO students(username,permission,age,gender,native_country) VALUES ('JiH',1,30,'m','South Korea');
INSERT INTO students(username,permission,age,gender,native_country) VALUES ('ww',1,25,'f','China');
INSERT INTO students(username,permission,age,gender,native_country) VALUES ('ccccc',0,20,'m','Canada');
INSERT INTO students(username,permission,age,gender,native_country) VALUES ('nj',1,25,'m','China');
INSERT INTO students(username,permission,age,gender,native_country) VALUES ('Darkmoot',1,30,'m','Taiwan');
INSERT INTO students(username,permission,age,gender,native_country) VALUES ('ruanhaoy',1,25,'f','China');
INSERT INTO students(username,permission,age,gender,native_country) VALUES ('siucourt',1,20,'f','Canada');
INSERT INTO students(username,permission,age,gender,native_country) VALUES ('Dong',1,25,'f','China');
INSERT INTO students(username,permission,age,gender,native_country) VALUES ('lalalala',1,20,'m','Philippines');
INSERT INTO students(username,permission,age,gender,native_country) VALUES ('sos',0,25,'m','Russia');
INSERT INTO students(username,permission,age,gender,native_country) VALUES ('ncjc',1,25,'m','Taiwan');
INSERT INTO students(username,permission,age,gender,native_country) VALUES ('CC',1,25,'m','China');
INSERT INTO students(username,permission,age,gender,native_country) VALUES ('YolandaXiao',0,25,'f','China');
INSERT INTO students(username,permission,age,gender,native_country) VALUES ('c3maiyan',1,25,'m','China');
INSERT INTO students(username,permission,age,gender,native_country) VALUES ('lalalalol',1,20,'f','China');
INSERT INTO students(username,permission,age,gender,native_country) VALUES ('fw',0,25,'m','China');
INSERT INTO students(username,permission,age,gender,native_country) VALUES ('raz24',1,25,'m','Canada');
INSERT INTO students(username,permission,age,gender,native_country) VALUES ('960120',1,20,'f','China');
INSERT INTO students(username,permission,age,gender,native_country) VALUES ('cheerful',1,NULL,'f',NULL);
INSERT INTO students(username,permission,age,gender,native_country) VALUES ('mic',1,NULL,'f',NULL);
INSERT INTO students(username,permission,age,gender,native_country) VALUES ('nielie',1,NULL,'f',NULL);
INSERT INTO students(username,permission,age,gender,native_country) VALUES ('c4lz',1,NULL,'f','Canada');
INSERT INTO students(username,permission,age,gender,native_country) VALUES ('cai',1,NULL,'f','China');
INSERT INTO students(username,permission,age,gender,native_country) VALUES ('madame_id',1,NULL,'f','Canada');
INSERT INTO students(username,permission,age,gender,native_country) VALUES ('student335',0,NULL,'f',NULL);
INSERT INTO students(username,permission,age,gender,native_country) VALUES ('oooo',0,NULL,'f',NULL);
END;

BEGIN;
INSERT INTO departments(dept_code,dept_name) VALUES ('CSC','Computer Science');
INSERT INTO departments(dept_code,dept_name) VALUES ('MAT','Mathematics');
INSERT INTO departments(dept_code,dept_name) VALUES ('PHL','Philosophy');
INSERT INTO departments(dept_code,dept_name) VALUES ('ECE','Electrical and Computer Engineering');
INSERT INTO departments(dept_code,dept_name) VALUES ('MIE','Mechanical and Industrial Engineering');
INSERT INTO departments(dept_code,dept_name) VALUES ('PSY','Psychology');
INSERT INTO departments(dept_code,dept_name) VALUES ('STA','Statistics');
INSERT INTO departments(dept_code,dept_name) VALUES ('CCR','Co-Curricular Record');
INSERT INTO departments(dept_code,dept_name) VALUES ('BIO','Biology');
INSERT INTO departments(dept_code,dept_name) VALUES ('EAS','East Asian Studies');
INSERT INTO departments(dept_code,dept_name) VALUES ('HMB','Human Biology');
INSERT INTO departments(dept_code,dept_name) VALUES ('PHY','Physics');
INSERT INTO departments(dept_code,dept_name) VALUES ('BME','Biomedical Engineering');
INSERT INTO departments(dept_code,dept_name) VALUES ('AER','Aerospace Studies');
END;

BEGIN;
INSERT INTO courses(course_id,dept_code,course_number,course_name) VALUES (1,'CSC',108,NULL);
INSERT INTO courses(course_id,dept_code,course_number,course_name) VALUES (2,'CSC',165,NULL);
INSERT INTO courses(course_id,dept_code,course_number,course_name) VALUES (3,'MAT',137,NULL);
INSERT INTO courses(course_id,dept_code,course_number,course_name) VALUES (4,'MAT',335,NULL);
INSERT INTO courses(course_id,dept_code,course_number,course_name) VALUES (5,'PHL',275,NULL);
INSERT INTO courses(course_id,dept_code,course_number,course_name) VALUES (6,'CSC',2515,NULL);
INSERT INTO courses(course_id,dept_code,course_number,course_name) VALUES (7,'ECE',521,NULL);
INSERT INTO courses(course_id,dept_code,course_number,course_name) VALUES (8,'ECE',568,NULL);
INSERT INTO courses(course_id,dept_code,course_number,course_name) VALUES (9,'MIE',438,NULL);
INSERT INTO courses(course_id,dept_code,course_number,course_name) VALUES (10,'CSC',369,NULL);
INSERT INTO courses(course_id,dept_code,course_number,course_name) VALUES (11,'CSC',458,NULL);
INSERT INTO courses(course_id,dept_code,course_number,course_name) VALUES (12,'ECE',1733,NULL);
INSERT INTO courses(course_id,dept_code,course_number,course_name) VALUES (13,'ECE',1762,NULL);
INSERT INTO courses(course_id,dept_code,course_number,course_name) VALUES (14,'ECE',1778,NULL);
INSERT INTO courses(course_id,dept_code,course_number,course_name) VALUES (15,'ECE',1782,NULL);
INSERT INTO courses(course_id,dept_code,course_number,course_name) VALUES (16,'CSC',0,NULL);
INSERT INTO courses(course_id,dept_code,course_number,course_name) VALUES (17,'CSC',209,NULL);
INSERT INTO courses(course_id,dept_code,course_number,course_name) VALUES (18,'CSC',236,NULL);
INSERT INTO courses(course_id,dept_code,course_number,course_name) VALUES (19,'CSC',258,NULL);
INSERT INTO courses(course_id,dept_code,course_number,course_name) VALUES (20,'CSC',148,NULL);
INSERT INTO courses(course_id,dept_code,course_number,course_name) VALUES (21,'PSY',100,NULL);
INSERT INTO courses(course_id,dept_code,course_number,course_name) VALUES (22,'STA',247,NULL);
INSERT INTO courses(course_id,dept_code,course_number,course_name) VALUES (23,'CCR',199,NULL);
INSERT INTO courses(course_id,dept_code,course_number,course_name) VALUES (24,'CSC',240,NULL);
INSERT INTO courses(course_id,dept_code,course_number,course_name) VALUES (25,'MAT',223,NULL);
INSERT INTO courses(course_id,dept_code,course_number,course_name) VALUES (26,'BIO',120,NULL);
INSERT INTO courses(course_id,dept_code,course_number,course_name) VALUES (27,'EAS',120,NULL);
INSERT INTO courses(course_id,dept_code,course_number,course_name) VALUES (28,'HMB',323,NULL);
INSERT INTO courses(course_id,dept_code,course_number,course_name) VALUES (29,'STA',303,NULL);
INSERT INTO courses(course_id,dept_code,course_number,course_name) VALUES (30,'STA',305,NULL);
INSERT INTO courses(course_id,dept_code,course_number,course_name) VALUES (31,'PHY',131,NULL);
INSERT INTO courses(course_id,dept_code,course_number,course_name) VALUES (32,'CSC',207,NULL);
INSERT INTO courses(course_id,dept_code,course_number,course_name) VALUES (33,'BME',20,NULL);
INSERT INTO courses(course_id,dept_code,course_number,course_name) VALUES (34,'ECE',1747,NULL);
INSERT INTO courses(course_id,dept_code,course_number,course_name) VALUES (35,'PHL',100,NULL);
INSERT INTO courses(course_id,dept_code,course_number,course_name) VALUES (36,'PHY',151,NULL);
INSERT INTO courses(course_id,dept_code,course_number,course_name) VALUES (37,'AER',201,NULL);
END;

BEGIN;
INSERT INTO course_editions(edition_id,course_id,semester,year,total_students,time_day) VALUES (1,4,'f',2015,80,'m');
INSERT INTO course_editions(edition_id,course_id,semester,year,total_students,time_day) VALUES (2,3,'f',2014,120,'m');
INSERT INTO course_editions(edition_id,course_id,semester,year,total_students,time_day) VALUES (3,5,'f',2015,100,'m');
INSERT INTO course_editions(edition_id,course_id,semester,year,total_students,time_day) VALUES (4,2,'f',2015,120,'e');
INSERT INTO course_editions(edition_id,course_id,semester,year,total_students,time_day) VALUES (5,1,'f',2014,120,'a');
INSERT INTO course_editions(edition_id,course_id,semester,year,total_students,time_day) VALUES (6,17,'w',2016,NULL,'e');
INSERT INTO course_editions(edition_id,course_id,semester,year,total_students,time_day) VALUES (7,19,'w',2016,100,'e');
INSERT INTO course_editions(edition_id,course_id,semester,year,total_students,time_day) VALUES (8,1,'f',2014,200,'a');
INSERT INTO course_editions(edition_id,course_id,semester,year,total_students,time_day) VALUES (9,22,'w',2015,200,'a');
INSERT INTO course_editions(edition_id,course_id,semester,year,total_students,time_day) VALUES (10,21,'f',2015,1000,'m');
INSERT INTO course_editions(edition_id,course_id,semester,year,total_students,time_day) VALUES (11,10,'s',2016,120,'e');
INSERT INTO course_editions(edition_id,course_id,semester,year,total_students,time_day) VALUES (12,1,'f',2015,500,'a');
INSERT INTO course_editions(edition_id,course_id,semester,year,total_students,time_day) VALUES (13,20,'w',2015,NULL,'m');
INSERT INTO course_editions(edition_id,course_id,semester,year,total_students,time_day) VALUES (14,9,'w',2015,50,'e');
INSERT INTO course_editions(edition_id,course_id,semester,year,total_students,time_day) VALUES (15,6,'f',2015,120,'a');
INSERT INTO course_editions(edition_id,course_id,semester,year,total_students,time_day) VALUES (16,8,'w',2016,80,'m');
INSERT INTO course_editions(edition_id,course_id,semester,year,total_students,time_day) VALUES (17,7,'w',2016,120,'a');
INSERT INTO course_editions(edition_id,course_id,semester,year,total_students,time_day) VALUES (18,25,'s',2016,150,'e');
INSERT INTO course_editions(edition_id,course_id,semester,year,total_students,time_day) VALUES (19,23,'f',2015,20,'a');
INSERT INTO course_editions(edition_id,course_id,semester,year,total_students,time_day) VALUES (20,24,'w',2016,120,'m');
INSERT INTO course_editions(edition_id,course_id,semester,year,total_students,time_day) VALUES (21,2,'f',2015,200,'m');
INSERT INTO course_editions(edition_id,course_id,semester,year,total_students,time_day) VALUES (22,22,'w',2016,160,'a');
INSERT INTO course_editions(edition_id,course_id,semester,year,total_students,time_day) VALUES (23,26,'f',2013,150,'m');
INSERT INTO course_editions(edition_id,course_id,semester,year,total_students,time_day) VALUES (24,28,'w',2016,50,'a');
INSERT INTO course_editions(edition_id,course_id,semester,year,total_students,time_day) VALUES (25,27,'s',2015,120,'m');
INSERT INTO course_editions(edition_id,course_id,semester,year,total_students,time_day) VALUES (26,29,'w',2015,90,'a');
INSERT INTO course_editions(edition_id,course_id,semester,year,total_students,time_day) VALUES (27,30,'w',2016,NULL,'m');
INSERT INTO course_editions(edition_id,course_id,semester,year,total_students,time_day) VALUES (28,10,'f',2015,200,'e');
INSERT INTO course_editions(edition_id,course_id,semester,year,total_students,time_day) VALUES (29,13,'f',2016,200,'e');
INSERT INTO course_editions(edition_id,course_id,semester,year,total_students,time_day) VALUES (30,14,'w',2016,100,'m');
INSERT INTO course_editions(edition_id,course_id,semester,year,total_students,time_day) VALUES (31,12,'w',2016,30,'a');
INSERT INTO course_editions(edition_id,course_id,semester,year,total_students,time_day) VALUES (32,15,'w',2016,100,'a');
INSERT INTO course_editions(edition_id,course_id,semester,year,total_students,time_day) VALUES (33,11,'f',2016,300,'a');
INSERT INTO course_editions(edition_id,course_id,semester,year,total_students,time_day) VALUES (34,16,'w',2016,85,'a');
INSERT INTO course_editions(edition_id,course_id,semester,year,total_students,time_day) VALUES (35,13,'f',2015,80,'e');
INSERT INTO course_editions(edition_id,course_id,semester,year,total_students,time_day) VALUES (36,24,'w',2016,100,'a');
INSERT INTO course_editions(edition_id,course_id,semester,year,total_students,time_day) VALUES (37,17,'f',2,200,'a');
INSERT INTO course_editions(edition_id,course_id,semester,year,total_students,time_day) VALUES (38,18,'w',2015,200,'a');
INSERT INTO course_editions(edition_id,course_id,semester,year,total_students,time_day) VALUES (39,1,'s',2014,500,'e');
INSERT INTO course_editions(edition_id,course_id,semester,year,total_students,time_day) VALUES (40,20,'f',2014,300,'a');
INSERT INTO course_editions(edition_id,course_id,semester,year,total_students,time_day) VALUES (41,31,'f',2014,300,'a');
INSERT INTO course_editions(edition_id,course_id,semester,year,total_students,time_day) VALUES (42,18,'w',2015,300,'a');
INSERT INTO course_editions(edition_id,course_id,semester,year,total_students,time_day) VALUES (43,32,'w',2015,300,'a');
INSERT INTO course_editions(edition_id,course_id,semester,year,total_students,time_day) VALUES (44,17,'w',2015,300,'a');
INSERT INTO course_editions(edition_id,course_id,semester,year,total_students,time_day) VALUES (45,2,'f',2014,300,'a');
INSERT INTO course_editions(edition_id,course_id,semester,year,total_students,time_day) VALUES (46,19,'w',2016,300,'a');
INSERT INTO course_editions(edition_id,course_id,semester,year,total_students,time_day) VALUES (47,33,'w',2016,193,'m');
INSERT INTO course_editions(edition_id,course_id,semester,year,total_students,time_day) VALUES (48,2,'f',2014,100,'m');
INSERT INTO course_editions(edition_id,course_id,semester,year,total_students,time_day) VALUES (49,15,'w',2016,80,'a');
INSERT INTO course_editions(edition_id,course_id,semester,year,total_students,time_day) VALUES (50,8,'w',2016,80,'a');
INSERT INTO course_editions(edition_id,course_id,semester,year,total_students,time_day) VALUES (51,14,'w',2016,60,'m');
INSERT INTO course_editions(edition_id,course_id,semester,year,total_students,time_day) VALUES (52,34,'f',2015,60,'a');
INSERT INTO course_editions(edition_id,course_id,semester,year,total_students,time_day) VALUES (53,13,'f',2015,60,'e');
INSERT INTO course_editions(edition_id,course_id,semester,year,total_students,time_day) VALUES (54,35,'w',2015,120,'m');
INSERT INTO course_editions(edition_id,course_id,semester,year,total_students,time_day) VALUES (55,2,'f',2014,160,'m');
INSERT INTO course_editions(edition_id,course_id,semester,year,total_students,time_day) VALUES (56,17,'w',2016,140,'m');
INSERT INTO course_editions(edition_id,course_id,semester,year,total_students,time_day) VALUES (57,1,'f',2014,120,'m');
INSERT INTO course_editions(edition_id,course_id,semester,year,total_students,time_day) VALUES (58,32,'f',2015,140,'m');
INSERT INTO course_editions(edition_id,course_id,semester,year,total_students,time_day) VALUES (59,20,'f',2015,150,'m');
INSERT INTO course_editions(edition_id,course_id,semester,year,total_students,time_day) VALUES (60,36,'f',2015,150,'a');
INSERT INTO course_editions(edition_id,course_id,semester,year,total_students,time_day) VALUES (61,37,'w',2,200,'a');
END;

BEGIN;
INSERT INTO topics(topic_id,topic) VALUES (1,'ANOVA');
INSERT INTO topics(topic_id,topic) VALUES (2,'Abstraction');
INSERT INTO topics(topic_id,topic) VALUES (3,'Advanced Networks');
INSERT INTO topics(topic_id,topic) VALUES (4,'Algorithm Analysis');
INSERT INTO topics(topic_id,topic) VALUES (5,'Algorithms');
INSERT INTO topics(topic_id,topic) VALUES (6,'Android');
INSERT INTO topics(topic_id,topic) VALUES (7,'Assembly');
INSERT INTO topics(topic_id,topic) VALUES (8,'BFS');
INSERT INTO topics(topic_id,topic) VALUES (9,'Basic Python');
INSERT INTO topics(topic_id,topic) VALUES (10,'Binary Tree');
INSERT INTO topics(topic_id,topic) VALUES (11,'Binary decision diagram');
INSERT INTO topics(topic_id,topic) VALUES (12,'Biology');
INSERT INTO topics(topic_id,topic) VALUES (13,'C programming');
INSERT INTO topics(topic_id,topic) VALUES (14,'Circuits');
INSERT INTO topics(topic_id,topic) VALUES (15,'Communication');
INSERT INTO topics(topic_id,topic) VALUES (16,'Computer Science');
INSERT INTO topics(topic_id,topic) VALUES (17,'Computer science');
INSERT INTO topics(topic_id,topic) VALUES (18,'Cube optimization');
INSERT INTO topics(topic_id,topic) VALUES (19,'Cuda');
INSERT INTO topics(topic_id,topic) VALUES (20,'DFS');
INSERT INTO topics(topic_id,topic) VALUES (21,'DFSA/NFSA');
INSERT INTO topics(topic_id,topic) VALUES (22,'Data Structures');
INSERT INTO topics(topic_id,topic) VALUES (23,'Deep Learning');
INSERT INTO topics(topic_id,topic) VALUES (24,'Dynamic Programming');
INSERT INTO topics(topic_id,topic) VALUES (25,'Dynamic System');
INSERT INTO topics(topic_id,topic) VALUES (26,'Ecology');
INSERT INTO topics(topic_id,topic) VALUES (27,'Electromach');
INSERT INTO topics(topic_id,topic) VALUES (28,'Elementary Data Types');
INSERT INTO topics(topic_id,topic) VALUES (29,'Embedded Processor');
INSERT INTO topics(topic_id,topic) VALUES (30,'Engineering');
INSERT INTO topics(topic_id,topic) VALUES (31,'Ethic');
INSERT INTO topics(topic_id,topic) VALUES (32,'Ethics');
INSERT INTO topics(topic_id,topic) VALUES (33,'Evolution');
INSERT INTO topics(topic_id,topic) VALUES (34,'FSA');
INSERT INTO topics(topic_id,topic) VALUES (35,'Factorial designs');
INSERT INTO topics(topic_id,topic) VALUES (36,'File Systems');
INSERT INTO topics(topic_id,topic) VALUES (37,'Formal Languages and Automata');
INSERT INTO topics(topic_id,topic) VALUES (38,'GPU');
INSERT INTO topics(topic_id,topic) VALUES (39,'Global Health');
INSERT INTO topics(topic_id,topic) VALUES (40,'Global Health Research');
INSERT INTO topics(topic_id,topic) VALUES (41,'Graphics');
INSERT INTO topics(topic_id,topic) VALUES (42,'IP/TCP');
INSERT INTO topics(topic_id,topic) VALUES (43,'Induction');
INSERT INTO topics(topic_id,topic) VALUES (44,'Internet Protocol');
INSERT INTO topics(topic_id,topic) VALUES (45,'Introduction to Programming');
INSERT INTO topics(topic_id,topic) VALUES (46,'Japanese culture');
INSERT INTO topics(topic_id,topic) VALUES (47,'Japanese society');
INSERT INTO topics(topic_id,topic) VALUES (48,'Java');
INSERT INTO topics(topic_id,topic) VALUES (49,'Kinematics');
INSERT INTO topics(topic_id,topic) VALUES (50,'Lab Work');
INSERT INTO topics(topic_id,topic) VALUES (51,'Linear Algebra');
INSERT INTO topics(topic_id,topic) VALUES (52,'Logic');
INSERT INTO topics(topic_id,topic) VALUES (53,'Logistic Regression');
INSERT INTO topics(topic_id,topic) VALUES (54,'Loglinear Models');
INSERT INTO topics(topic_id,topic) VALUES (55,'Math');
INSERT INTO topics(topic_id,topic) VALUES (56,'Mobile App Development');
INSERT INTO topics(topic_id,topic) VALUES (57,'Multi-Threading');
INSERT INTO topics(topic_id,topic) VALUES (58,'Network Layers');
INSERT INTO topics(topic_id,topic) VALUES (59,'Neural Networks');
INSERT INTO topics(topic_id,topic) VALUES (60,'Newtonian');
INSERT INTO topics(topic_id,topic) VALUES (61,'Object Oriented Design');
INSERT INTO topics(topic_id,topic) VALUES (62,'Object Oriented Programming');
INSERT INTO topics(topic_id,topic) VALUES (63,'Operating Systems');
INSERT INTO topics(topic_id,topic) VALUES (64,'PIC microcontroller');
INSERT INTO topics(topic_id,topic) VALUES (65,'Painting');
INSERT INTO topics(topic_id,topic) VALUES (66,'Pipes');
INSERT INTO topics(topic_id,topic) VALUES (67,'Pointers');
INSERT INTO topics(topic_id,topic) VALUES (68,'Probability');
INSERT INTO topics(topic_id,topic) VALUES (69,'Process Management');
INSERT INTO topics(topic_id,topic) VALUES (70,'Processes');
INSERT INTO topics(topic_id,topic) VALUES (71,'Program Correctness');
INSERT INTO topics(topic_id,topic) VALUES (72,'Programming');
INSERT INTO topics(topic_id,topic) VALUES (73,'Programming Security');
INSERT INTO topics(topic_id,topic) VALUES (74,'Proofs');
INSERT INTO topics(topic_id,topic) VALUES (75,'Psychology');
INSERT INTO topics(topic_id,topic) VALUES (76,'Python');
INSERT INTO topics(topic_id,topic) VALUES (77,'R');
INSERT INTO topics(topic_id,topic) VALUES (78,'Randomized designs');
INSERT INTO topics(topic_id,topic) VALUES (79,'Recursion');
INSERT INTO topics(topic_id,topic) VALUES (80,'Russian Literature');
INSERT INTO topics(topic_id,topic) VALUES (81,'Security');
INSERT INTO topics(topic_id,topic) VALUES (82,'Server');
INSERT INTO topics(topic_id,topic) VALUES (83,'Shell Programming');
INSERT INTO topics(topic_id,topic) VALUES (84,'Shell Script');
INSERT INTO topics(topic_id,topic) VALUES (85,'Sociology');
INSERT INTO topics(topic_id,topic) VALUES (86,'Sockets');
INSERT INTO topics(topic_id,topic) VALUES (87,'Software Tools');
INSERT INTO topics(topic_id,topic) VALUES (88,'Sorting Algorithms');
INSERT INTO topics(topic_id,topic) VALUES (89,'Statistics');
INSERT INTO topics(topic_id,topic) VALUES (90,'Synchronization');
INSERT INTO topics(topic_id,topic) VALUES (91,'Theory of Knowledge');
INSERT INTO topics(topic_id,topic) VALUES (92,'Timing Diagram');
INSERT INTO topics(topic_id,topic) VALUES (93,'Trigonometry');
INSERT INTO topics(topic_id,topic) VALUES (94,'Unit Testing');
INSERT INTO topics(topic_id,topic) VALUES (95,'Variance and Covariance');
INSERT INTO topics(topic_id,topic) VALUES (96,'Verilog');
INSERT INTO topics(topic_id,topic) VALUES (97,'Version control');
INSERT INTO topics(topic_id,topic) VALUES (98,'Web Security');
END;

BEGIN;
INSERT INTO skills(skill_id,skill) VALUES (1,'algorithm');
INSERT INTO skills(skill_id,skill) VALUES (2,'algorithm analysis');
INSERT INTO skills(skill_id,skill) VALUES (3,'algorithm design');
INSERT INTO skills(skill_id,skill) VALUES (4,'algorithms');
INSERT INTO skills(skill_id,skill) VALUES (5,'analysis');
INSERT INTO skills(skill_id,skill) VALUES (6,'android studio');
INSERT INTO skills(skill_id,skill) VALUES (7,'app development');
INSERT INTO skills(skill_id,skill) VALUES (8,'argument analysis');
INSERT INTO skills(skill_id,skill) VALUES (9,'argument comprehension');
INSERT INTO skills(skill_id,skill) VALUES (10,'assembly language');
INSERT INTO skills(skill_id,skill) VALUES (11,'biology lab techniques');
INSERT INTO skills(skill_id,skill) VALUES (12,'building/managing file systems');
INSERT INTO skills(skill_id,skill) VALUES (13,'c programming');
INSERT INTO skills(skill_id,skill) VALUES (14,'cuda programming');
INSERT INTO skills(skill_id,skill) VALUES (15,'calculus');
INSERT INTO skills(skill_id,skill) VALUES (16,'coding for bfs and dfs');
INSERT INTO skills(skill_id,skill) VALUES (17,'comprehension');
INSERT INTO skills(skill_id,skill) VALUES (18,'critical thinking');
INSERT INTO skills(skill_id,skill) VALUES (19,'dfsa');
INSERT INTO skills(skill_id,skill) VALUES (20,'data structures');
INSERT INTO skills(skill_id,skill) VALUES (21,'debugging');
INSERT INTO skills(skill_id,skill) VALUES (22,'debugging (gdb/valgrind)');
INSERT INTO skills(skill_id,skill) VALUES (23,'distributions');
INSERT INTO skills(skill_id,skill) VALUES (24,'error analysis');
INSERT INTO skills(skill_id,skill) VALUES (25,'experiment design');
INSERT INTO skills(skill_id,skill) VALUES (26,'experimental data analysis');
INSERT INTO skills(skill_id,skill) VALUES (27,'grant proposal');
INSERT INTO skills(skill_id,skill) VALUES (28,'hardware coding');
INSERT INTO skills(skill_id,skill) VALUES (29,'induction');
INSERT INTO skills(skill_id,skill) VALUES (30,'integration');
INSERT INTO skills(skill_id,skill) VALUES (31,'intent letter');
INSERT INTO skills(skill_id,skill) VALUES (32,'japanese reading');
INSERT INTO skills(skill_id,skill) VALUES (33,'japanese speaking');
INSERT INTO skills(skill_id,skill) VALUES (34,'japanese writing');
INSERT INTO skills(skill_id,skill) VALUES (35,'java');
INSERT INTO skills(skill_id,skill) VALUES (36,'java programming');
INSERT INTO skills(skill_id,skill) VALUES (37,'lab skills');
INSERT INTO skills(skill_id,skill) VALUES (38,'linear algebra');
INSERT INTO skills(skill_id,skill) VALUES (39,'liturgical analysis');
INSERT INTO skills(skill_id,skill) VALUES (40,'logic');
INSERT INTO skills(skill_id,skill) VALUES (41,'logical thinking');
INSERT INTO skills(skill_id,skill) VALUES (42,'machine learning algorithms');
INSERT INTO skills(skill_id,skill) VALUES (43,'machine-oriented programming');
INSERT INTO skills(skill_id,skill) VALUES (44,'memorizing');
INSERT INTO skills(skill_id,skill) VALUES (45,'memory management');
INSERT INTO skills(skill_id,skill) VALUES (46,'mobile app development');
INSERT INTO skills(skill_id,skill) VALUES (47,'modelling');
INSERT INTO skills(skill_id,skill) VALUES (48,'multi-thread programming');
INSERT INTO skills(skill_id,skill) VALUES (49,'network programming');
INSERT INTO skills(skill_id,skill) VALUES (50,'operating systems');
INSERT INTO skills(skill_id,skill) VALUES (51,'pippeting');
INSERT INTO skills(skill_id,skill) VALUES (52,'pointers');
INSERT INTO skills(skill_id,skill) VALUES (53,'presentation skills');
INSERT INTO skills(skill_id,skill) VALUES (54,'problem solving');
INSERT INTO skills(skill_id,skill) VALUES (55,'processing graphics');
INSERT INTO skills(skill_id,skill) VALUES (56,'program vulnerability');
INSERT INTO skills(skill_id,skill) VALUES (57,'programming');
INSERT INTO skills(skill_id,skill) VALUES (58,'proofs');
INSERT INTO skills(skill_id,skill) VALUES (59,'psychology');
INSERT INTO skills(skill_id,skill) VALUES (60,'python programming');
INSERT INTO skills(skill_id,skill) VALUES (61,'r');
INSERT INTO skills(skill_id,skill) VALUES (62,'reports');
INSERT INTO skills(skill_id,skill) VALUES (63,'running time analysis');
INSERT INTO skills(skill_id,skill) VALUES (64,'scripting');
INSERT INTO skills(skill_id,skill) VALUES (65,'simple sorting methods');
INSERT INTO skills(skill_id,skill) VALUES (66,'solving physics problems');
INSERT INTO skills(skill_id,skill) VALUES (67,'spanning and dimension');
INSERT INTO skills(skill_id,skill) VALUES (68,'statistics');
INSERT INTO skills(skill_id,skill) VALUES (69,'switching theory');
INSERT INTO skills(skill_id,skill) VALUES (70,'synchronization');
INSERT INTO skills(skill_id,skill) VALUES (71,'team dynamics');
INSERT INTO skills(skill_id,skill) VALUES (72,'teamwork');
INSERT INTO skills(skill_id,skill) VALUES (73,'tensor flow');
INSERT INTO skills(skill_id,skill) VALUES (74,'terminal coding');
INSERT INTO skills(skill_id,skill) VALUES (75,'vector algebra');
INSERT INTO skills(skill_id,skill) VALUES (76,'verilog');
INSERT INTO skills(skill_id,skill) VALUES (77,'web programming');
INSERT INTO skills(skill_id,skill) VALUES (78,'web security');
INSERT INTO skills(skill_id,skill) VALUES (79,'writing');
INSERT INTO skills(skill_id,skill) VALUES (80,'writing summary');
INSERT INTO skills(skill_id,skill) VALUES (81,'basic coding skill');
END;

BEGIN;
INSERT INTO course_topics(topic_id,course_id) VALUES (1,29);
INSERT INTO course_topics(topic_id,course_id) VALUES (2,2);
INSERT INTO course_topics(topic_id,course_id) VALUES (3,11);
INSERT INTO course_topics(topic_id,course_id) VALUES (4,24);
INSERT INTO course_topics(topic_id,course_id) VALUES (5,2);
INSERT INTO course_topics(topic_id,course_id) VALUES (5,24);
INSERT INTO course_topics(topic_id,course_id) VALUES (5,13);
INSERT INTO course_topics(topic_id,course_id) VALUES (6,14);
INSERT INTO course_topics(topic_id,course_id) VALUES (7,19);
INSERT INTO course_topics(topic_id,course_id) VALUES (8,13);
INSERT INTO course_topics(topic_id,course_id) VALUES (9,2);
INSERT INTO course_topics(topic_id,course_id) VALUES (10,13);
INSERT INTO course_topics(topic_id,course_id) VALUES (11,12);
INSERT INTO course_topics(topic_id,course_id) VALUES (12,21);
INSERT INTO course_topics(topic_id,course_id) VALUES (12,33);
INSERT INTO course_topics(topic_id,course_id) VALUES (13,17);
INSERT INTO course_topics(topic_id,course_id) VALUES (13,15);
INSERT INTO course_topics(topic_id,course_id) VALUES (13,34);
INSERT INTO course_topics(topic_id,course_id) VALUES (14,19);
INSERT INTO course_topics(topic_id,course_id) VALUES (14,37);
INSERT INTO course_topics(topic_id,course_id) VALUES (15,8);
INSERT INTO course_topics(topic_id,course_id) VALUES (16,24);
INSERT INTO course_topics(topic_id,course_id) VALUES (16,2);
INSERT INTO course_topics(topic_id,course_id) VALUES (16,20);
INSERT INTO course_topics(topic_id,course_id) VALUES (17,24);
INSERT INTO course_topics(topic_id,course_id) VALUES (17,2);
INSERT INTO course_topics(topic_id,course_id) VALUES (17,20);
INSERT INTO course_topics(topic_id,course_id) VALUES (18,12);
INSERT INTO course_topics(topic_id,course_id) VALUES (19,34);
INSERT INTO course_topics(topic_id,course_id) VALUES (20,13);
INSERT INTO course_topics(topic_id,course_id) VALUES (21,18);
INSERT INTO course_topics(topic_id,course_id) VALUES (22,13);
INSERT INTO course_topics(topic_id,course_id) VALUES (22,20);
INSERT INTO course_topics(topic_id,course_id) VALUES (23,6);
INSERT INTO course_topics(topic_id,course_id) VALUES (24,13);
INSERT INTO course_topics(topic_id,course_id) VALUES (25,4);
INSERT INTO course_topics(topic_id,course_id) VALUES (26,26);
INSERT INTO course_topics(topic_id,course_id) VALUES (27,37);
INSERT INTO course_topics(topic_id,course_id) VALUES (28,1);
INSERT INTO course_topics(topic_id,course_id) VALUES (29,9);
INSERT INTO course_topics(topic_id,course_id) VALUES (30,33);
INSERT INTO course_topics(topic_id,course_id) VALUES (31,5);
INSERT INTO course_topics(topic_id,course_id) VALUES (32,35);
INSERT INTO course_topics(topic_id,course_id) VALUES (33,26);
INSERT INTO course_topics(topic_id,course_id) VALUES (34,18);
INSERT INTO course_topics(topic_id,course_id) VALUES (35,30);
INSERT INTO course_topics(topic_id,course_id) VALUES (36,10);
INSERT INTO course_topics(topic_id,course_id) VALUES (37,24);
INSERT INTO course_topics(topic_id,course_id) VALUES (38,15);
INSERT INTO course_topics(topic_id,course_id) VALUES (38,16);
INSERT INTO course_topics(topic_id,course_id) VALUES (39,28);
INSERT INTO course_topics(topic_id,course_id) VALUES (40,28);
INSERT INTO course_topics(topic_id,course_id) VALUES (41,15);
INSERT INTO course_topics(topic_id,course_id) VALUES (42,11);
INSERT INTO course_topics(topic_id,course_id) VALUES (43,18);
INSERT INTO course_topics(topic_id,course_id) VALUES (44,8);
INSERT INTO course_topics(topic_id,course_id) VALUES (45,1);
INSERT INTO course_topics(topic_id,course_id) VALUES (46,27);
INSERT INTO course_topics(topic_id,course_id) VALUES (47,27);
INSERT INTO course_topics(topic_id,course_id) VALUES (48,32);
INSERT INTO course_topics(topic_id,course_id) VALUES (48,14);
INSERT INTO course_topics(topic_id,course_id) VALUES (49,36);
INSERT INTO course_topics(topic_id,course_id) VALUES (50,33);
INSERT INTO course_topics(topic_id,course_id) VALUES (51,25);
INSERT INTO course_topics(topic_id,course_id) VALUES (52,2);
INSERT INTO course_topics(topic_id,course_id) VALUES (52,24);
INSERT INTO course_topics(topic_id,course_id) VALUES (52,35);
INSERT INTO course_topics(topic_id,course_id) VALUES (53,29);
INSERT INTO course_topics(topic_id,course_id) VALUES (54,29);
INSERT INTO course_topics(topic_id,course_id) VALUES (55,13);
INSERT INTO course_topics(topic_id,course_id) VALUES (56,14);
INSERT INTO course_topics(topic_id,course_id) VALUES (57,15);
INSERT INTO course_topics(topic_id,course_id) VALUES (57,34);
INSERT INTO course_topics(topic_id,course_id) VALUES (58,11);
INSERT INTO course_topics(topic_id,course_id) VALUES (59,7);
INSERT INTO course_topics(topic_id,course_id) VALUES (60,31);
INSERT INTO course_topics(topic_id,course_id) VALUES (61,32);
INSERT INTO course_topics(topic_id,course_id) VALUES (62,20);
INSERT INTO course_topics(topic_id,course_id) VALUES (63,10);
INSERT INTO course_topics(topic_id,course_id) VALUES (64,37);
INSERT INTO course_topics(topic_id,course_id) VALUES (65,23);
INSERT INTO course_topics(topic_id,course_id) VALUES (66,17);
INSERT INTO course_topics(topic_id,course_id) VALUES (67,17);
INSERT INTO course_topics(topic_id,course_id) VALUES (68,22);
INSERT INTO course_topics(topic_id,course_id) VALUES (69,10);
INSERT INTO course_topics(topic_id,course_id) VALUES (70,17);
INSERT INTO course_topics(topic_id,course_id) VALUES (71,18);
INSERT INTO course_topics(topic_id,course_id) VALUES (72,1);
INSERT INTO course_topics(topic_id,course_id) VALUES (72,20);
INSERT INTO course_topics(topic_id,course_id) VALUES (73,8);
INSERT INTO course_topics(topic_id,course_id) VALUES (74,2);
INSERT INTO course_topics(topic_id,course_id) VALUES (75,21);
INSERT INTO course_topics(topic_id,course_id) VALUES (76,1);
INSERT INTO course_topics(topic_id,course_id) VALUES (77,22);
INSERT INTO course_topics(topic_id,course_id) VALUES (78,30);
INSERT INTO course_topics(topic_id,course_id) VALUES (79,20);
INSERT INTO course_topics(topic_id,course_id) VALUES (80,23);
INSERT INTO course_topics(topic_id,course_id) VALUES (81,8);
INSERT INTO course_topics(topic_id,course_id) VALUES (82,17);
INSERT INTO course_topics(topic_id,course_id) VALUES (83,17);
INSERT INTO course_topics(topic_id,course_id) VALUES (84,17);
INSERT INTO course_topics(topic_id,course_id) VALUES (85,21);
INSERT INTO course_topics(topic_id,course_id) VALUES (86,17);
INSERT INTO course_topics(topic_id,course_id) VALUES (87,17);
INSERT INTO course_topics(topic_id,course_id) VALUES (88,1);
INSERT INTO course_topics(topic_id,course_id) VALUES (89,22);
INSERT INTO course_topics(topic_id,course_id) VALUES (90,10);
INSERT INTO course_topics(topic_id,course_id) VALUES (91,35);
INSERT INTO course_topics(topic_id,course_id) VALUES (92,19);
INSERT INTO course_topics(topic_id,course_id) VALUES (93,3);
INSERT INTO course_topics(topic_id,course_id) VALUES (94,32);
INSERT INTO course_topics(topic_id,course_id) VALUES (95,30);
INSERT INTO course_topics(topic_id,course_id) VALUES (96,19);
INSERT INTO course_topics(topic_id,course_id) VALUES (97,32);
INSERT INTO course_topics(topic_id,course_id) VALUES (98,8);
END;

BEGIN;
INSERT INTO course_skills(skill_id,course_id) VALUES (1,18);
INSERT INTO course_skills(skill_id,course_id) VALUES (2,13);
INSERT INTO course_skills(skill_id,course_id) VALUES (3,13);
INSERT INTO course_skills(skill_id,course_id) VALUES (4,13);
INSERT INTO course_skills(skill_id,course_id) VALUES (5,4);
INSERT INTO course_skills(skill_id,course_id) VALUES (6,14);
INSERT INTO course_skills(skill_id,course_id) VALUES (7,32);
INSERT INTO course_skills(skill_id,course_id) VALUES (8,35);
INSERT INTO course_skills(skill_id,course_id) VALUES (9,35);
INSERT INTO course_skills(skill_id,course_id) VALUES (10,9);
INSERT INTO course_skills(skill_id,course_id) VALUES (11,26);
INSERT INTO course_skills(skill_id,course_id) VALUES (12,10);
INSERT INTO course_skills(skill_id,course_id) VALUES (13,17);
INSERT INTO course_skills(skill_id,course_id) VALUES (13,10);
INSERT INTO course_skills(skill_id,course_id) VALUES (13,12);
INSERT INTO course_skills(skill_id,course_id) VALUES (13,15);
INSERT INTO course_skills(skill_id,course_id) VALUES (13,8);
INSERT INTO course_skills(skill_id,course_id) VALUES (13,34);
INSERT INTO course_skills(skill_id,course_id) VALUES (14,15);
INSERT INTO course_skills(skill_id,course_id) VALUES (14,16);
INSERT INTO course_skills(skill_id,course_id) VALUES (15,3);
INSERT INTO course_skills(skill_id,course_id) VALUES (16,13);
INSERT INTO course_skills(skill_id,course_id) VALUES (17,2);
INSERT INTO course_skills(skill_id,course_id) VALUES (18,5);
INSERT INTO course_skills(skill_id,course_id) VALUES (18,2);
INSERT INTO course_skills(skill_id,course_id) VALUES (19,18);
INSERT INTO course_skills(skill_id,course_id) VALUES (20,13);
INSERT INTO course_skills(skill_id,course_id) VALUES (20,20);
INSERT INTO course_skills(skill_id,course_id) VALUES (21,19);
INSERT INTO course_skills(skill_id,course_id) VALUES (21,1);
INSERT INTO course_skills(skill_id,course_id) VALUES (22,17);
INSERT INTO course_skills(skill_id,course_id) VALUES (23,22);
INSERT INTO course_skills(skill_id,course_id) VALUES (24,31);
INSERT INTO course_skills(skill_id,course_id) VALUES (25,30);
INSERT INTO course_skills(skill_id,course_id) VALUES (26,30);
INSERT INTO course_skills(skill_id,course_id) VALUES (27,28);
INSERT INTO course_skills(skill_id,course_id) VALUES (28,37);
INSERT INTO course_skills(skill_id,course_id) VALUES (29,24);
INSERT INTO course_skills(skill_id,course_id) VALUES (29,18);
INSERT INTO course_skills(skill_id,course_id) VALUES (30,22);
INSERT INTO course_skills(skill_id,course_id) VALUES (31,28);
INSERT INTO course_skills(skill_id,course_id) VALUES (32,27);
INSERT INTO course_skills(skill_id,course_id) VALUES (33,27);
INSERT INTO course_skills(skill_id,course_id) VALUES (34,27);
INSERT INTO course_skills(skill_id,course_id) VALUES (35,14);
INSERT INTO course_skills(skill_id,course_id) VALUES (36,14);
INSERT INTO course_skills(skill_id,course_id) VALUES (36,32);
INSERT INTO course_skills(skill_id,course_id) VALUES (37,33);
INSERT INTO course_skills(skill_id,course_id) VALUES (38,25);
INSERT INTO course_skills(skill_id,course_id) VALUES (39,23);
INSERT INTO course_skills(skill_id,course_id) VALUES (40,24);
INSERT INTO course_skills(skill_id,course_id) VALUES (40,2);
INSERT INTO course_skills(skill_id,course_id) VALUES (41,24);
INSERT INTO course_skills(skill_id,course_id) VALUES (41,13);
INSERT INTO course_skills(skill_id,course_id) VALUES (42,6);
INSERT INTO course_skills(skill_id,course_id) VALUES (43,17);
INSERT INTO course_skills(skill_id,course_id) VALUES (44,33);
INSERT INTO course_skills(skill_id,course_id) VALUES (45,17);
INSERT INTO course_skills(skill_id,course_id) VALUES (46,14);
INSERT INTO course_skills(skill_id,course_id) VALUES (47,13);
INSERT INTO course_skills(skill_id,course_id) VALUES (48,15);
INSERT INTO course_skills(skill_id,course_id) VALUES (49,11);
INSERT INTO course_skills(skill_id,course_id) VALUES (50,10);
INSERT INTO course_skills(skill_id,course_id) VALUES (51,33);
INSERT INTO course_skills(skill_id,course_id) VALUES (52,17);
INSERT INTO course_skills(skill_id,course_id) VALUES (53,34);
INSERT INTO course_skills(skill_id,course_id) VALUES (54,2);
INSERT INTO course_skills(skill_id,course_id) VALUES (54,24);
INSERT INTO course_skills(skill_id,course_id) VALUES (54,13);
INSERT INTO course_skills(skill_id,course_id) VALUES (55,15);
INSERT INTO course_skills(skill_id,course_id) VALUES (56,8);
INSERT INTO course_skills(skill_id,course_id) VALUES (57,1);
INSERT INTO course_skills(skill_id,course_id) VALUES (57,2);
INSERT INTO course_skills(skill_id,course_id) VALUES (57,20);
INSERT INTO course_skills(skill_id,course_id) VALUES (58,24);
INSERT INTO course_skills(skill_id,course_id) VALUES (59,21);
INSERT INTO course_skills(skill_id,course_id) VALUES (60,1);
INSERT INTO course_skills(skill_id,course_id) VALUES (60,20);
INSERT INTO course_skills(skill_id,course_id) VALUES (61,29);
INSERT INTO course_skills(skill_id,course_id) VALUES (61,30);
INSERT INTO course_skills(skill_id,course_id) VALUES (62,37);
INSERT INTO course_skills(skill_id,course_id) VALUES (63,20);
INSERT INTO course_skills(skill_id,course_id) VALUES (64,17);
INSERT INTO course_skills(skill_id,course_id) VALUES (65,1);
INSERT INTO course_skills(skill_id,course_id) VALUES (66,36);
INSERT INTO course_skills(skill_id,course_id) VALUES (67,25);
INSERT INTO course_skills(skill_id,course_id) VALUES (68,22);
INSERT INTO course_skills(skill_id,course_id) VALUES (69,12);
INSERT INTO course_skills(skill_id,course_id) VALUES (70,10);
INSERT INTO course_skills(skill_id,course_id) VALUES (71,37);
INSERT INTO course_skills(skill_id,course_id) VALUES (72,32);
INSERT INTO course_skills(skill_id,course_id) VALUES (73,7);
INSERT INTO course_skills(skill_id,course_id) VALUES (74,17);
INSERT INTO course_skills(skill_id,course_id) VALUES (75,31);
INSERT INTO course_skills(skill_id,course_id) VALUES (76,19);
INSERT INTO course_skills(skill_id,course_id) VALUES (77,8);
INSERT INTO course_skills(skill_id,course_id) VALUES (78,8);
INSERT INTO course_skills(skill_id,course_id) VALUES (79,23);
INSERT INTO course_skills(skill_id,course_id) VALUES (80,34);
INSERT INTO course_skills(skill_id,course_id) VALUES (81,1);
END;

--letter_grades
BEGIN;
INSERT INTO letter_grades VALUES ('A+', 90, 100, 4.0);
INSERT INTO letter_grades VALUES ('A', 85, 89, 4.0);
INSERT INTO letter_grades VALUES ('A-', 80, 84, 3.7);
INSERT INTO letter_grades VALUES ('B+', 77, 79, 3.3);
INSERT INTO letter_grades VALUES ('B', 73, 76, 3.0);
INSERT INTO letter_grades VALUES ('B-', 70, 72, 2.7);
INSERT INTO letter_grades VALUES ('C+', 67, 69, 2.3);
INSERT INTO letter_grades VALUES ('C', 63, 66, 2.0);
INSERT INTO letter_grades VALUES ('C-', 60, 62, 1.7);
INSERT INTO letter_grades VALUES ('D+', 57, 59, 1.3);
INSERT INTO letter_grades VALUES ('D-', 53, 56, 1.0);
INSERT INTO letter_grades VALUES ('D', 50, 52, 0.7);
INSERT INTO letter_grades VALUES ('F', 0, 49, 0.0);
END;

BEGIN;
INSERT INTO enrollments(edition_id,username,letter_grade,course_ranking,instr_ranking) VALUES (1,'960120','A+',4,5);
INSERT INTO enrollments(edition_id,username,letter_grade,course_ranking,instr_ranking) VALUES (2,'960120','A',4,5);
INSERT INTO enrollments(edition_id,username,letter_grade,course_ranking,instr_ranking) VALUES (3,'960120','B',4,3);
INSERT INTO enrollments(edition_id,username,letter_grade,course_ranking,instr_ranking) VALUES (4,'960120','A',3,3);
INSERT INTO enrollments(edition_id,username,letter_grade,course_ranking,instr_ranking) VALUES (21,'960120','A',3,3);
INSERT INTO enrollments(edition_id,username,letter_grade,course_ranking,instr_ranking) VALUES (45,'960120','A',3,3);
INSERT INTO enrollments(edition_id,username,letter_grade,course_ranking,instr_ranking) VALUES (48,'960120','A',3,3);
INSERT INTO enrollments(edition_id,username,letter_grade,course_ranking,instr_ranking) VALUES (55,'960120','A',3,3);
INSERT INTO enrollments(edition_id,username,letter_grade,course_ranking,instr_ranking) VALUES (5,'960120','A',4,4);
INSERT INTO enrollments(edition_id,username,letter_grade,course_ranking,instr_ranking) VALUES (8,'960120','A',4,4);
INSERT INTO enrollments(edition_id,username,letter_grade,course_ranking,instr_ranking) VALUES (12,'960120','A',4,4);
INSERT INTO enrollments(edition_id,username,letter_grade,course_ranking,instr_ranking) VALUES (39,'960120','A',4,4);
INSERT INTO enrollments(edition_id,username,letter_grade,course_ranking,instr_ranking) VALUES (57,'960120','A',4,4);
INSERT INTO enrollments(edition_id,username,letter_grade,course_ranking,instr_ranking) VALUES (6,'c4lz','C+',3,5);
INSERT INTO enrollments(edition_id,username,letter_grade,course_ranking,instr_ranking) VALUES (37,'c4lz','C+',3,5);
INSERT INTO enrollments(edition_id,username,letter_grade,course_ranking,instr_ranking) VALUES (44,'c4lz','C+',3,5);
INSERT INTO enrollments(edition_id,username,letter_grade,course_ranking,instr_ranking) VALUES (56,'c4lz','C+',3,5);
INSERT INTO enrollments(edition_id,username,letter_grade,course_ranking,instr_ranking) VALUES (7,'c4lz','D',1,0);
INSERT INTO enrollments(edition_id,username,letter_grade,course_ranking,instr_ranking) VALUES (46,'c4lz','D',1,0);
INSERT INTO enrollments(edition_id,username,letter_grade,course_ranking,instr_ranking) VALUES (5,'c4lz','A',5,5);
INSERT INTO enrollments(edition_id,username,letter_grade,course_ranking,instr_ranking) VALUES (8,'c4lz','A',5,5);
INSERT INTO enrollments(edition_id,username,letter_grade,course_ranking,instr_ranking) VALUES (12,'c4lz','A',5,5);
INSERT INTO enrollments(edition_id,username,letter_grade,course_ranking,instr_ranking) VALUES (39,'c4lz','A',5,5);
INSERT INTO enrollments(edition_id,username,letter_grade,course_ranking,instr_ranking) VALUES (57,'c4lz','A',5,5);
INSERT INTO enrollments(edition_id,username,letter_grade,course_ranking,instr_ranking) VALUES (9,'cai','A',5,5);
INSERT INTO enrollments(edition_id,username,letter_grade,course_ranking,instr_ranking) VALUES (22,'cai','A',5,5);
INSERT INTO enrollments(edition_id,username,letter_grade,course_ranking,instr_ranking) VALUES (10,'cai','C',2,4);
INSERT INTO enrollments(edition_id,username,letter_grade,course_ranking,instr_ranking) VALUES (11,'cai','B',3,3);
INSERT INTO enrollments(edition_id,username,letter_grade,course_ranking,instr_ranking) VALUES (28,'cai','B',3,3);
INSERT INTO enrollments(edition_id,username,letter_grade,course_ranking,instr_ranking) VALUES (5,'cai','A-',4,4);
INSERT INTO enrollments(edition_id,username,letter_grade,course_ranking,instr_ranking) VALUES (8,'cai','A-',4,4);
INSERT INTO enrollments(edition_id,username,letter_grade,course_ranking,instr_ranking) VALUES (12,'cai','A-',4,4);
INSERT INTO enrollments(edition_id,username,letter_grade,course_ranking,instr_ranking) VALUES (39,'cai','A-',4,4);
INSERT INTO enrollments(edition_id,username,letter_grade,course_ranking,instr_ranking) VALUES (57,'cai','A-',4,4);
INSERT INTO enrollments(edition_id,username,letter_grade,course_ranking,instr_ranking) VALUES (13,'cai','A-',3,3);
INSERT INTO enrollments(edition_id,username,letter_grade,course_ranking,instr_ranking) VALUES (40,'cai','A-',3,3);
INSERT INTO enrollments(edition_id,username,letter_grade,course_ranking,instr_ranking) VALUES (59,'cai','A-',3,3);
INSERT INTO enrollments(edition_id,username,letter_grade,course_ranking,instr_ranking) VALUES (14,'CC','A',4,5);
INSERT INTO enrollments(edition_id,username,letter_grade,course_ranking,instr_ranking) VALUES (15,'CC','B+',3,4);
INSERT INTO enrollments(edition_id,username,letter_grade,course_ranking,instr_ranking) VALUES (16,'CC','A-',4,5);
INSERT INTO enrollments(edition_id,username,letter_grade,course_ranking,instr_ranking) VALUES (50,'CC','A-',4,5);
INSERT INTO enrollments(edition_id,username,letter_grade,course_ranking,instr_ranking) VALUES (17,'CC','A+',4,5);
INSERT INTO enrollments(edition_id,username,letter_grade,course_ranking,instr_ranking) VALUES (18,'ccccc','A+',4,3);
INSERT INTO enrollments(edition_id,username,letter_grade,course_ranking,instr_ranking) VALUES (19,'ccccc','A',5,5);
INSERT INTO enrollments(edition_id,username,letter_grade,course_ranking,instr_ranking) VALUES (20,'ccccc','A-',3,3);
INSERT INTO enrollments(edition_id,username,letter_grade,course_ranking,instr_ranking) VALUES (36,'ccccc','A-',3,3);
INSERT INTO enrollments(edition_id,username,letter_grade,course_ranking,instr_ranking) VALUES (4,'ccccc','A',3,5);
INSERT INTO enrollments(edition_id,username,letter_grade,course_ranking,instr_ranking) VALUES (21,'ccccc','A',3,5);
INSERT INTO enrollments(edition_id,username,letter_grade,course_ranking,instr_ranking) VALUES (45,'ccccc','A',3,5);
INSERT INTO enrollments(edition_id,username,letter_grade,course_ranking,instr_ranking) VALUES (48,'ccccc','A',3,5);
INSERT INTO enrollments(edition_id,username,letter_grade,course_ranking,instr_ranking) VALUES (55,'ccccc','A',3,5);
INSERT INTO enrollments(edition_id,username,letter_grade,course_ranking,instr_ranking) VALUES (9,'ccccc','A',3,4);
INSERT INTO enrollments(edition_id,username,letter_grade,course_ranking,instr_ranking) VALUES (22,'ccccc','A',3,4);
INSERT INTO enrollments(edition_id,username,letter_grade,course_ranking,instr_ranking) VALUES (23,'cheerful','D',1,3);
INSERT INTO enrollments(edition_id,username,letter_grade,course_ranking,instr_ranking) VALUES (24,'cheerful','B',3,3);
INSERT INTO enrollments(edition_id,username,letter_grade,course_ranking,instr_ranking) VALUES (25,'cheerful','A-',4,4);
INSERT INTO enrollments(edition_id,username,letter_grade,course_ranking,instr_ranking) VALUES (26,'cheerful','A',4,3);
INSERT INTO enrollments(edition_id,username,letter_grade,course_ranking,instr_ranking) VALUES (27,'cheerful','A',4,4);
INSERT INTO enrollments(edition_id,username,letter_grade,course_ranking,instr_ranking) VALUES (11,'Darkmoot','A-',5,4);
INSERT INTO enrollments(edition_id,username,letter_grade,course_ranking,instr_ranking) VALUES (28,'Darkmoot','A-',5,4);
INSERT INTO enrollments(edition_id,username,letter_grade,course_ranking,instr_ranking) VALUES (29,'Dong','A',5,5);
INSERT INTO enrollments(edition_id,username,letter_grade,course_ranking,instr_ranking) VALUES (35,'Dong','A',5,5);
INSERT INTO enrollments(edition_id,username,letter_grade,course_ranking,instr_ranking) VALUES (53,'Dong','A',5,5);
INSERT INTO enrollments(edition_id,username,letter_grade,course_ranking,instr_ranking) VALUES (30,'Dong','A',5,5);
INSERT INTO enrollments(edition_id,username,letter_grade,course_ranking,instr_ranking) VALUES (51,'Dong','A',5,5);
INSERT INTO enrollments(edition_id,username,letter_grade,course_ranking,instr_ranking) VALUES (31,'Dong','A',5,5);
INSERT INTO enrollments(edition_id,username,letter_grade,course_ranking,instr_ranking) VALUES (32,'Dong','A+',5,5);
INSERT INTO enrollments(edition_id,username,letter_grade,course_ranking,instr_ranking) VALUES (49,'Dong','A+',5,5);
INSERT INTO enrollments(edition_id,username,letter_grade,course_ranking,instr_ranking) VALUES (33,'Dong','A+',5,5);
INSERT INTO enrollments(edition_id,username,letter_grade,course_ranking,instr_ranking) VALUES (29,'fw','F',5,4);
INSERT INTO enrollments(edition_id,username,letter_grade,course_ranking,instr_ranking) VALUES (35,'fw','F',5,4);
INSERT INTO enrollments(edition_id,username,letter_grade,course_ranking,instr_ranking) VALUES (53,'fw','F',5,4);
INSERT INTO enrollments(edition_id,username,letter_grade,course_ranking,instr_ranking) VALUES (20,'ilovechicken','B',2,1);
INSERT INTO enrollments(edition_id,username,letter_grade,course_ranking,instr_ranking) VALUES (36,'ilovechicken','B',2,1);
INSERT INTO enrollments(edition_id,username,letter_grade,course_ranking,instr_ranking) VALUES (6,'JiH','B',1,1);
INSERT INTO enrollments(edition_id,username,letter_grade,course_ranking,instr_ranking) VALUES (37,'JiH','B',1,1);
INSERT INTO enrollments(edition_id,username,letter_grade,course_ranking,instr_ranking) VALUES (44,'JiH','B',1,1);
INSERT INTO enrollments(edition_id,username,letter_grade,course_ranking,instr_ranking) VALUES (56,'JiH','B',1,1);
INSERT INTO enrollments(edition_id,username,letter_grade,course_ranking,instr_ranking) VALUES (38,'JiH','C-',5,5);
INSERT INTO enrollments(edition_id,username,letter_grade,course_ranking,instr_ranking) VALUES (42,'JiH','C-',5,5);
INSERT INTO enrollments(edition_id,username,letter_grade,course_ranking,instr_ranking) VALUES (5,'JiH','A',5,4);
INSERT INTO enrollments(edition_id,username,letter_grade,course_ranking,instr_ranking) VALUES (8,'JiH','A',5,4);
INSERT INTO enrollments(edition_id,username,letter_grade,course_ranking,instr_ranking) VALUES (12,'JiH','A',5,4);
INSERT INTO enrollments(edition_id,username,letter_grade,course_ranking,instr_ranking) VALUES (39,'JiH','A',5,4);
INSERT INTO enrollments(edition_id,username,letter_grade,course_ranking,instr_ranking) VALUES (57,'JiH','A',5,4);
INSERT INTO enrollments(edition_id,username,letter_grade,course_ranking,instr_ranking) VALUES (13,'madame_id','B+',3,3);
INSERT INTO enrollments(edition_id,username,letter_grade,course_ranking,instr_ranking) VALUES (40,'madame_id','B+',3,3);
INSERT INTO enrollments(edition_id,username,letter_grade,course_ranking,instr_ranking) VALUES (59,'madame_id','B+',3,3);
INSERT INTO enrollments(edition_id,username,letter_grade,course_ranking,instr_ranking) VALUES (41,'madame_id','A-',4,4);
INSERT INTO enrollments(edition_id,username,letter_grade,course_ranking,instr_ranking) VALUES (38,'madame_id','B+',2,4);
INSERT INTO enrollments(edition_id,username,letter_grade,course_ranking,instr_ranking) VALUES (42,'madame_id','B+',2,4);
INSERT INTO enrollments(edition_id,username,letter_grade,course_ranking,instr_ranking) VALUES (43,'madame_id','A-',3,2);
INSERT INTO enrollments(edition_id,username,letter_grade,course_ranking,instr_ranking) VALUES (58,'madame_id','A-',3,2);
INSERT INTO enrollments(edition_id,username,letter_grade,course_ranking,instr_ranking) VALUES (6,'madame_id','B-',3,4);
INSERT INTO enrollments(edition_id,username,letter_grade,course_ranking,instr_ranking) VALUES (37,'madame_id','B-',3,4);
INSERT INTO enrollments(edition_id,username,letter_grade,course_ranking,instr_ranking) VALUES (44,'madame_id','B-',3,4);
INSERT INTO enrollments(edition_id,username,letter_grade,course_ranking,instr_ranking) VALUES (56,'madame_id','B-',3,4);
INSERT INTO enrollments(edition_id,username,letter_grade,course_ranking,instr_ranking) VALUES (4,'madame_id','A',4,4);
INSERT INTO enrollments(edition_id,username,letter_grade,course_ranking,instr_ranking) VALUES (21,'madame_id','A',4,4);
INSERT INTO enrollments(edition_id,username,letter_grade,course_ranking,instr_ranking) VALUES (45,'madame_id','A',4,4);
INSERT INTO enrollments(edition_id,username,letter_grade,course_ranking,instr_ranking) VALUES (48,'madame_id','A',4,4);
INSERT INTO enrollments(edition_id,username,letter_grade,course_ranking,instr_ranking) VALUES (55,'madame_id','A',4,4);
INSERT INTO enrollments(edition_id,username,letter_grade,course_ranking,instr_ranking) VALUES (7,'madame_id','A-',2,2);
INSERT INTO enrollments(edition_id,username,letter_grade,course_ranking,instr_ranking) VALUES (46,'madame_id','A-',2,2);
INSERT INTO enrollments(edition_id,username,letter_grade,course_ranking,instr_ranking) VALUES (47,'mic','A',4,3);
INSERT INTO enrollments(edition_id,username,letter_grade,course_ranking,instr_ranking) VALUES (4,'ncjc','A',5,5);
INSERT INTO enrollments(edition_id,username,letter_grade,course_ranking,instr_ranking) VALUES (21,'ncjc','A',5,5);
INSERT INTO enrollments(edition_id,username,letter_grade,course_ranking,instr_ranking) VALUES (45,'ncjc','A',5,5);
INSERT INTO enrollments(edition_id,username,letter_grade,course_ranking,instr_ranking) VALUES (48,'ncjc','A',5,5);
INSERT INTO enrollments(edition_id,username,letter_grade,course_ranking,instr_ranking) VALUES (55,'ncjc','A',5,5);
INSERT INTO enrollments(edition_id,username,letter_grade,course_ranking,instr_ranking) VALUES (32,'nielie','A+',3,5);
INSERT INTO enrollments(edition_id,username,letter_grade,course_ranking,instr_ranking) VALUES (49,'nielie','A+',3,5);
INSERT INTO enrollments(edition_id,username,letter_grade,course_ranking,instr_ranking) VALUES (16,'nielie','A-',5,5);
INSERT INTO enrollments(edition_id,username,letter_grade,course_ranking,instr_ranking) VALUES (50,'nielie','A-',5,5);
INSERT INTO enrollments(edition_id,username,letter_grade,course_ranking,instr_ranking) VALUES (30,'nielie','A+',5,5);
INSERT INTO enrollments(edition_id,username,letter_grade,course_ranking,instr_ranking) VALUES (51,'nielie','A+',5,5);
INSERT INTO enrollments(edition_id,username,letter_grade,course_ranking,instr_ranking) VALUES (52,'nielie','A',3,4);
INSERT INTO enrollments(edition_id,username,letter_grade,course_ranking,instr_ranking) VALUES (29,'nielie','B+',5,5);
INSERT INTO enrollments(edition_id,username,letter_grade,course_ranking,instr_ranking) VALUES (35,'nielie','B+',5,5);
INSERT INTO enrollments(edition_id,username,letter_grade,course_ranking,instr_ranking) VALUES (53,'nielie','B+',5,5);
INSERT INTO enrollments(edition_id,username,letter_grade,course_ranking,instr_ranking) VALUES (54,'raz24','B',4,3);
INSERT INTO enrollments(edition_id,username,letter_grade,course_ranking,instr_ranking) VALUES (4,'raz24','A-',4,5);
INSERT INTO enrollments(edition_id,username,letter_grade,course_ranking,instr_ranking) VALUES (21,'raz24','A-',4,5);
INSERT INTO enrollments(edition_id,username,letter_grade,course_ranking,instr_ranking) VALUES (45,'raz24','A-',4,5);
INSERT INTO enrollments(edition_id,username,letter_grade,course_ranking,instr_ranking) VALUES (48,'raz24','A-',4,5);
INSERT INTO enrollments(edition_id,username,letter_grade,course_ranking,instr_ranking) VALUES (55,'raz24','A-',4,5);
INSERT INTO enrollments(edition_id,username,letter_grade,course_ranking,instr_ranking) VALUES (6,'raz24','B-',4,5);
INSERT INTO enrollments(edition_id,username,letter_grade,course_ranking,instr_ranking) VALUES (37,'raz24','B-',4,5);
INSERT INTO enrollments(edition_id,username,letter_grade,course_ranking,instr_ranking) VALUES (44,'raz24','B-',4,5);
INSERT INTO enrollments(edition_id,username,letter_grade,course_ranking,instr_ranking) VALUES (56,'raz24','B-',4,5);
INSERT INTO enrollments(edition_id,username,letter_grade,course_ranking,instr_ranking) VALUES (5,'raz24','A-',5,5);
INSERT INTO enrollments(edition_id,username,letter_grade,course_ranking,instr_ranking) VALUES (8,'raz24','A-',5,5);
INSERT INTO enrollments(edition_id,username,letter_grade,course_ranking,instr_ranking) VALUES (12,'raz24','A-',5,5);
INSERT INTO enrollments(edition_id,username,letter_grade,course_ranking,instr_ranking) VALUES (39,'raz24','A-',5,5);
INSERT INTO enrollments(edition_id,username,letter_grade,course_ranking,instr_ranking) VALUES (57,'raz24','A-',5,5);
INSERT INTO enrollments(edition_id,username,letter_grade,course_ranking,instr_ranking) VALUES (43,'raz24','B+',4,4);
INSERT INTO enrollments(edition_id,username,letter_grade,course_ranking,instr_ranking) VALUES (58,'raz24','B+',4,4);
INSERT INTO enrollments(edition_id,username,letter_grade,course_ranking,instr_ranking) VALUES (13,'student335','A+',5,5);
INSERT INTO enrollments(edition_id,username,letter_grade,course_ranking,instr_ranking) VALUES (40,'student335','A+',5,5);
INSERT INTO enrollments(edition_id,username,letter_grade,course_ranking,instr_ranking) VALUES (59,'student335','A+',5,5);
INSERT INTO enrollments(edition_id,username,letter_grade,course_ranking,instr_ranking) VALUES (60,'student335','B+',5,5);
INSERT INTO enrollments(edition_id,username,letter_grade,course_ranking,instr_ranking) VALUES (61,'ww','F',4,3);
END;

BEGIN;
INSERT INTO skill_rankings(course_id,edition_id,username,skill_id,rank_before,rank_after) VALUES (1,5,'960120',57,1,4);
INSERT INTO skill_rankings(course_id,edition_id,username,skill_id,rank_before,rank_after) VALUES (1,5,'JiH',60,1,3);
INSERT INTO skill_rankings(course_id,edition_id,username,skill_id,rank_before,rank_after) VALUES (1,5,'c4lz',21,5,NULL);
INSERT INTO skill_rankings(course_id,edition_id,username,skill_id,rank_before,rank_after) VALUES (1,5,'c4lz',65,5,5);
INSERT INTO skill_rankings(course_id,edition_id,username,skill_id,rank_before,rank_after) VALUES (1,5,'c4lz',81,5,5);
INSERT INTO skill_rankings(course_id,edition_id,username,skill_id,rank_before,rank_after) VALUES (1,5,'cai',60,1,4);
INSERT INTO skill_rankings(course_id,edition_id,username,skill_id,rank_before,rank_after) VALUES (1,5,'raz24',57,1,3);
INSERT INTO skill_rankings(course_id,edition_id,username,skill_id,rank_before,rank_after) VALUES (1,8,'960120',57,1,4);
INSERT INTO skill_rankings(course_id,edition_id,username,skill_id,rank_before,rank_after) VALUES (1,8,'JiH',60,1,3);
INSERT INTO skill_rankings(course_id,edition_id,username,skill_id,rank_before,rank_after) VALUES (1,8,'c4lz',21,5,NULL);
INSERT INTO skill_rankings(course_id,edition_id,username,skill_id,rank_before,rank_after) VALUES (1,8,'c4lz',65,5,5);
INSERT INTO skill_rankings(course_id,edition_id,username,skill_id,rank_before,rank_after) VALUES (1,8,'c4lz',81,5,5);
INSERT INTO skill_rankings(course_id,edition_id,username,skill_id,rank_before,rank_after) VALUES (1,8,'cai',60,1,4);
INSERT INTO skill_rankings(course_id,edition_id,username,skill_id,rank_before,rank_after) VALUES (1,8,'raz24',57,1,3);
INSERT INTO skill_rankings(course_id,edition_id,username,skill_id,rank_before,rank_after) VALUES (1,12,'960120',57,1,4);
INSERT INTO skill_rankings(course_id,edition_id,username,skill_id,rank_before,rank_after) VALUES (1,12,'JiH',60,1,3);
INSERT INTO skill_rankings(course_id,edition_id,username,skill_id,rank_before,rank_after) VALUES (1,12,'c4lz',21,5,NULL);
INSERT INTO skill_rankings(course_id,edition_id,username,skill_id,rank_before,rank_after) VALUES (1,12,'c4lz',65,5,5);
INSERT INTO skill_rankings(course_id,edition_id,username,skill_id,rank_before,rank_after) VALUES (1,12,'c4lz',81,5,5);
INSERT INTO skill_rankings(course_id,edition_id,username,skill_id,rank_before,rank_after) VALUES (1,12,'cai',60,1,4);
INSERT INTO skill_rankings(course_id,edition_id,username,skill_id,rank_before,rank_after) VALUES (1,12,'raz24',57,1,3);
INSERT INTO skill_rankings(course_id,edition_id,username,skill_id,rank_before,rank_after) VALUES (1,39,'960120',57,1,4);
INSERT INTO skill_rankings(course_id,edition_id,username,skill_id,rank_before,rank_after) VALUES (1,39,'JiH',60,1,3);
INSERT INTO skill_rankings(course_id,edition_id,username,skill_id,rank_before,rank_after) VALUES (1,39,'c4lz',21,5,NULL);
INSERT INTO skill_rankings(course_id,edition_id,username,skill_id,rank_before,rank_after) VALUES (1,39,'c4lz',65,5,5);
INSERT INTO skill_rankings(course_id,edition_id,username,skill_id,rank_before,rank_after) VALUES (1,39,'c4lz',81,5,5);
INSERT INTO skill_rankings(course_id,edition_id,username,skill_id,rank_before,rank_after) VALUES (1,39,'cai',60,1,4);
INSERT INTO skill_rankings(course_id,edition_id,username,skill_id,rank_before,rank_after) VALUES (1,39,'raz24',57,1,3);
INSERT INTO skill_rankings(course_id,edition_id,username,skill_id,rank_before,rank_after) VALUES (1,57,'960120',57,1,4);
INSERT INTO skill_rankings(course_id,edition_id,username,skill_id,rank_before,rank_after) VALUES (1,57,'JiH',60,1,3);
INSERT INTO skill_rankings(course_id,edition_id,username,skill_id,rank_before,rank_after) VALUES (1,57,'c4lz',21,5,NULL);
INSERT INTO skill_rankings(course_id,edition_id,username,skill_id,rank_before,rank_after) VALUES (1,57,'c4lz',65,5,5);
INSERT INTO skill_rankings(course_id,edition_id,username,skill_id,rank_before,rank_after) VALUES (1,57,'c4lz',81,5,5);
INSERT INTO skill_rankings(course_id,edition_id,username,skill_id,rank_before,rank_after) VALUES (1,57,'cai',60,1,4);
INSERT INTO skill_rankings(course_id,edition_id,username,skill_id,rank_before,rank_after) VALUES (1,57,'raz24',57,1,3);
INSERT INTO skill_rankings(course_id,edition_id,username,skill_id,rank_before,rank_after) VALUES (2,4,'960120',54,3,3);
INSERT INTO skill_rankings(course_id,edition_id,username,skill_id,rank_before,rank_after) VALUES (2,4,'ccccc',18,5,5);
INSERT INTO skill_rankings(course_id,edition_id,username,skill_id,rank_before,rank_after) VALUES (2,4,'ccccc',40,4,5);
INSERT INTO skill_rankings(course_id,edition_id,username,skill_id,rank_before,rank_after) VALUES (2,4,'madame_id',54,4,4);
INSERT INTO skill_rankings(course_id,edition_id,username,skill_id,rank_before,rank_after) VALUES (2,4,'ncjc',54,4,4);
INSERT INTO skill_rankings(course_id,edition_id,username,skill_id,rank_before,rank_after) VALUES (2,4,'ncjc',57,1,2);
INSERT INTO skill_rankings(course_id,edition_id,username,skill_id,rank_before,rank_after) VALUES (2,4,'raz24',17,1,4);
INSERT INTO skill_rankings(course_id,edition_id,username,skill_id,rank_before,rank_after) VALUES (2,21,'960120',54,3,3);
INSERT INTO skill_rankings(course_id,edition_id,username,skill_id,rank_before,rank_after) VALUES (2,21,'ccccc',18,5,5);
INSERT INTO skill_rankings(course_id,edition_id,username,skill_id,rank_before,rank_after) VALUES (2,21,'ccccc',40,4,5);
INSERT INTO skill_rankings(course_id,edition_id,username,skill_id,rank_before,rank_after) VALUES (2,21,'madame_id',54,4,4);
INSERT INTO skill_rankings(course_id,edition_id,username,skill_id,rank_before,rank_after) VALUES (2,21,'ncjc',54,4,4);
INSERT INTO skill_rankings(course_id,edition_id,username,skill_id,rank_before,rank_after) VALUES (2,21,'ncjc',57,1,2);
INSERT INTO skill_rankings(course_id,edition_id,username,skill_id,rank_before,rank_after) VALUES (2,21,'raz24',17,1,4);
INSERT INTO skill_rankings(course_id,edition_id,username,skill_id,rank_before,rank_after) VALUES (2,45,'960120',54,3,3);
INSERT INTO skill_rankings(course_id,edition_id,username,skill_id,rank_before,rank_after) VALUES (2,45,'ccccc',18,5,5);
INSERT INTO skill_rankings(course_id,edition_id,username,skill_id,rank_before,rank_after) VALUES (2,45,'ccccc',40,4,5);
INSERT INTO skill_rankings(course_id,edition_id,username,skill_id,rank_before,rank_after) VALUES (2,45,'madame_id',54,4,4);
INSERT INTO skill_rankings(course_id,edition_id,username,skill_id,rank_before,rank_after) VALUES (2,45,'ncjc',54,4,4);
INSERT INTO skill_rankings(course_id,edition_id,username,skill_id,rank_before,rank_after) VALUES (2,45,'ncjc',57,1,2);
INSERT INTO skill_rankings(course_id,edition_id,username,skill_id,rank_before,rank_after) VALUES (2,45,'raz24',17,1,4);
INSERT INTO skill_rankings(course_id,edition_id,username,skill_id,rank_before,rank_after) VALUES (2,48,'960120',54,3,3);
INSERT INTO skill_rankings(course_id,edition_id,username,skill_id,rank_before,rank_after) VALUES (2,48,'ccccc',18,5,5);
INSERT INTO skill_rankings(course_id,edition_id,username,skill_id,rank_before,rank_after) VALUES (2,48,'ccccc',40,4,5);
INSERT INTO skill_rankings(course_id,edition_id,username,skill_id,rank_before,rank_after) VALUES (2,48,'madame_id',54,4,4);
INSERT INTO skill_rankings(course_id,edition_id,username,skill_id,rank_before,rank_after) VALUES (2,48,'ncjc',54,4,4);
INSERT INTO skill_rankings(course_id,edition_id,username,skill_id,rank_before,rank_after) VALUES (2,48,'ncjc',57,1,2);
INSERT INTO skill_rankings(course_id,edition_id,username,skill_id,rank_before,rank_after) VALUES (2,48,'raz24',17,1,4);
INSERT INTO skill_rankings(course_id,edition_id,username,skill_id,rank_before,rank_after) VALUES (2,55,'960120',54,3,3);
INSERT INTO skill_rankings(course_id,edition_id,username,skill_id,rank_before,rank_after) VALUES (2,55,'ccccc',18,5,5);
INSERT INTO skill_rankings(course_id,edition_id,username,skill_id,rank_before,rank_after) VALUES (2,55,'ccccc',40,4,5);
INSERT INTO skill_rankings(course_id,edition_id,username,skill_id,rank_before,rank_after) VALUES (2,55,'madame_id',54,4,4);
INSERT INTO skill_rankings(course_id,edition_id,username,skill_id,rank_before,rank_after) VALUES (2,55,'ncjc',54,4,4);
INSERT INTO skill_rankings(course_id,edition_id,username,skill_id,rank_before,rank_after) VALUES (2,55,'ncjc',57,1,2);
INSERT INTO skill_rankings(course_id,edition_id,username,skill_id,rank_before,rank_after) VALUES (2,55,'raz24',17,1,4);
INSERT INTO skill_rankings(course_id,edition_id,username,skill_id,rank_before,rank_after) VALUES (3,2,'960120',15,3,4);
INSERT INTO skill_rankings(course_id,edition_id,username,skill_id,rank_before,rank_after) VALUES (4,1,'960120',5,3,4);
INSERT INTO skill_rankings(course_id,edition_id,username,skill_id,rank_before,rank_after) VALUES (5,3,'960120',18,3,3);
INSERT INTO skill_rankings(course_id,edition_id,username,skill_id,rank_before,rank_after) VALUES (6,15,'CC',42,2,2);
INSERT INTO skill_rankings(course_id,edition_id,username,skill_id,rank_before,rank_after) VALUES (7,17,'CC',73,1,3);
INSERT INTO skill_rankings(course_id,edition_id,username,skill_id,rank_before,rank_after) VALUES (8,16,'CC',56,2,2);
INSERT INTO skill_rankings(course_id,edition_id,username,skill_id,rank_before,rank_after) VALUES (8,16,'nielie',13,1,3);
INSERT INTO skill_rankings(course_id,edition_id,username,skill_id,rank_before,rank_after) VALUES (8,16,'nielie',77,2,NULL);
INSERT INTO skill_rankings(course_id,edition_id,username,skill_id,rank_before,rank_after) VALUES (8,16,'nielie',78,1,4);
INSERT INTO skill_rankings(course_id,edition_id,username,skill_id,rank_before,rank_after) VALUES (8,50,'CC',56,2,2);
INSERT INTO skill_rankings(course_id,edition_id,username,skill_id,rank_before,rank_after) VALUES (8,50,'nielie',13,1,3);
INSERT INTO skill_rankings(course_id,edition_id,username,skill_id,rank_before,rank_after) VALUES (8,50,'nielie',77,2,NULL);
INSERT INTO skill_rankings(course_id,edition_id,username,skill_id,rank_before,rank_after) VALUES (8,50,'nielie',78,1,4);
INSERT INTO skill_rankings(course_id,edition_id,username,skill_id,rank_before,rank_after) VALUES (9,14,'CC',10,2,3);
INSERT INTO skill_rankings(course_id,edition_id,username,skill_id,rank_before,rank_after) VALUES (10,11,'Darkmoot',12,3,NULL);
INSERT INTO skill_rankings(course_id,edition_id,username,skill_id,rank_before,rank_after) VALUES (10,11,'Darkmoot',13,4,5);
INSERT INTO skill_rankings(course_id,edition_id,username,skill_id,rank_before,rank_after) VALUES (10,11,'Darkmoot',70,3,4);
INSERT INTO skill_rankings(course_id,edition_id,username,skill_id,rank_before,rank_after) VALUES (10,11,'cai',50,2,3);
INSERT INTO skill_rankings(course_id,edition_id,username,skill_id,rank_before,rank_after) VALUES (10,28,'Darkmoot',12,3,NULL);
INSERT INTO skill_rankings(course_id,edition_id,username,skill_id,rank_before,rank_after) VALUES (10,28,'Darkmoot',13,4,5);
INSERT INTO skill_rankings(course_id,edition_id,username,skill_id,rank_before,rank_after) VALUES (10,28,'Darkmoot',70,3,4);
INSERT INTO skill_rankings(course_id,edition_id,username,skill_id,rank_before,rank_after) VALUES (10,28,'cai',50,2,3);
INSERT INTO skill_rankings(course_id,edition_id,username,skill_id,rank_before,rank_after) VALUES (11,33,'Dong',49,2,5);
INSERT INTO skill_rankings(course_id,edition_id,username,skill_id,rank_before,rank_after) VALUES (12,31,'Dong',13,3,5);
INSERT INTO skill_rankings(course_id,edition_id,username,skill_id,rank_before,rank_after) VALUES (12,31,'Dong',69,2,4);
INSERT INTO skill_rankings(course_id,edition_id,username,skill_id,rank_before,rank_after) VALUES (13,29,'Dong',4,2,4);
INSERT INTO skill_rankings(course_id,edition_id,username,skill_id,rank_before,rank_after) VALUES (13,29,'Dong',20,3,4);
INSERT INTO skill_rankings(course_id,edition_id,username,skill_id,rank_before,rank_after) VALUES (13,29,'fw',2,1,5);
INSERT INTO skill_rankings(course_id,edition_id,username,skill_id,rank_before,rank_after) VALUES (13,29,'fw',3,2,2);
INSERT INTO skill_rankings(course_id,edition_id,username,skill_id,rank_before,rank_after) VALUES (13,29,'fw',16,5,NULL);
INSERT INTO skill_rankings(course_id,edition_id,username,skill_id,rank_before,rank_after) VALUES (13,29,'nielie',41,2,4);
INSERT INTO skill_rankings(course_id,edition_id,username,skill_id,rank_before,rank_after) VALUES (13,29,'nielie',47,2,NULL);
INSERT INTO skill_rankings(course_id,edition_id,username,skill_id,rank_before,rank_after) VALUES (13,29,'nielie',54,2,5);
INSERT INTO skill_rankings(course_id,edition_id,username,skill_id,rank_before,rank_after) VALUES (13,35,'Dong',4,2,4);
INSERT INTO skill_rankings(course_id,edition_id,username,skill_id,rank_before,rank_after) VALUES (13,35,'Dong',20,3,4);
INSERT INTO skill_rankings(course_id,edition_id,username,skill_id,rank_before,rank_after) VALUES (13,35,'fw',2,1,5);
INSERT INTO skill_rankings(course_id,edition_id,username,skill_id,rank_before,rank_after) VALUES (13,35,'fw',3,2,2);
INSERT INTO skill_rankings(course_id,edition_id,username,skill_id,rank_before,rank_after) VALUES (13,35,'fw',16,5,NULL);
INSERT INTO skill_rankings(course_id,edition_id,username,skill_id,rank_before,rank_after) VALUES (13,35,'nielie',41,2,4);
INSERT INTO skill_rankings(course_id,edition_id,username,skill_id,rank_before,rank_after) VALUES (13,35,'nielie',47,2,NULL);
INSERT INTO skill_rankings(course_id,edition_id,username,skill_id,rank_before,rank_after) VALUES (13,35,'nielie',54,2,5);
INSERT INTO skill_rankings(course_id,edition_id,username,skill_id,rank_before,rank_after) VALUES (13,53,'Dong',4,2,4);
INSERT INTO skill_rankings(course_id,edition_id,username,skill_id,rank_before,rank_after) VALUES (13,53,'Dong',20,3,4);
INSERT INTO skill_rankings(course_id,edition_id,username,skill_id,rank_before,rank_after) VALUES (13,53,'fw',2,1,5);
INSERT INTO skill_rankings(course_id,edition_id,username,skill_id,rank_before,rank_after) VALUES (13,53,'fw',3,2,2);
INSERT INTO skill_rankings(course_id,edition_id,username,skill_id,rank_before,rank_after) VALUES (13,53,'fw',16,5,NULL);
INSERT INTO skill_rankings(course_id,edition_id,username,skill_id,rank_before,rank_after) VALUES (13,53,'nielie',41,2,4);
INSERT INTO skill_rankings(course_id,edition_id,username,skill_id,rank_before,rank_after) VALUES (13,53,'nielie',47,2,NULL);
INSERT INTO skill_rankings(course_id,edition_id,username,skill_id,rank_before,rank_after) VALUES (13,53,'nielie',54,2,5);
INSERT INTO skill_rankings(course_id,edition_id,username,skill_id,rank_before,rank_after) VALUES (14,30,'Dong',6,2,4);
INSERT INTO skill_rankings(course_id,edition_id,username,skill_id,rank_before,rank_after) VALUES (14,30,'Dong',36,2,4);
INSERT INTO skill_rankings(course_id,edition_id,username,skill_id,rank_before,rank_after) VALUES (14,30,'nielie',6,1,5);
INSERT INTO skill_rankings(course_id,edition_id,username,skill_id,rank_before,rank_after) VALUES (14,30,'nielie',35,3,NULL);
INSERT INTO skill_rankings(course_id,edition_id,username,skill_id,rank_before,rank_after) VALUES (14,30,'nielie',46,1,4);
INSERT INTO skill_rankings(course_id,edition_id,username,skill_id,rank_before,rank_after) VALUES (14,51,'Dong',6,2,4);
INSERT INTO skill_rankings(course_id,edition_id,username,skill_id,rank_before,rank_after) VALUES (14,51,'Dong',36,2,4);
INSERT INTO skill_rankings(course_id,edition_id,username,skill_id,rank_before,rank_after) VALUES (14,51,'nielie',6,1,5);
INSERT INTO skill_rankings(course_id,edition_id,username,skill_id,rank_before,rank_after) VALUES (14,51,'nielie',35,3,NULL);
INSERT INTO skill_rankings(course_id,edition_id,username,skill_id,rank_before,rank_after) VALUES (14,51,'nielie',46,1,4);
INSERT INTO skill_rankings(course_id,edition_id,username,skill_id,rank_before,rank_after) VALUES (15,32,'Dong',14,2,3);
INSERT INTO skill_rankings(course_id,edition_id,username,skill_id,rank_before,rank_after) VALUES (15,32,'nielie',13,2,4);
INSERT INTO skill_rankings(course_id,edition_id,username,skill_id,rank_before,rank_after) VALUES (15,32,'nielie',48,2,4);
INSERT INTO skill_rankings(course_id,edition_id,username,skill_id,rank_before,rank_after) VALUES (15,32,'nielie',55,2,NULL);
INSERT INTO skill_rankings(course_id,edition_id,username,skill_id,rank_before,rank_after) VALUES (15,49,'Dong',14,2,3);
INSERT INTO skill_rankings(course_id,edition_id,username,skill_id,rank_before,rank_after) VALUES (15,49,'nielie',13,2,4);
INSERT INTO skill_rankings(course_id,edition_id,username,skill_id,rank_before,rank_after) VALUES (15,49,'nielie',48,2,4);
INSERT INTO skill_rankings(course_id,edition_id,username,skill_id,rank_before,rank_after) VALUES (15,49,'nielie',55,2,NULL);
INSERT INTO skill_rankings(course_id,edition_id,username,skill_id,rank_before,rank_after) VALUES (17,6,'JiH',13,1,5);
INSERT INTO skill_rankings(course_id,edition_id,username,skill_id,rank_before,rank_after) VALUES (17,6,'JiH',22,1,NULL);
INSERT INTO skill_rankings(course_id,edition_id,username,skill_id,rank_before,rank_after) VALUES (17,6,'JiH',64,1,3);
INSERT INTO skill_rankings(course_id,edition_id,username,skill_id,rank_before,rank_after) VALUES (17,6,'c4lz',13,1,4);
INSERT INTO skill_rankings(course_id,edition_id,username,skill_id,rank_before,rank_after) VALUES (17,6,'c4lz',52,1,NULL);
INSERT INTO skill_rankings(course_id,edition_id,username,skill_id,rank_before,rank_after) VALUES (17,6,'c4lz',74,1,4);
INSERT INTO skill_rankings(course_id,edition_id,username,skill_id,rank_before,rank_after) VALUES (17,6,'madame_id',45,1,4);
INSERT INTO skill_rankings(course_id,edition_id,username,skill_id,rank_before,rank_after) VALUES (17,6,'madame_id',52,1,4);
INSERT INTO skill_rankings(course_id,edition_id,username,skill_id,rank_before,rank_after) VALUES (17,6,'raz24',43,2,4);
INSERT INTO skill_rankings(course_id,edition_id,username,skill_id,rank_before,rank_after) VALUES (17,37,'JiH',13,1,5);
INSERT INTO skill_rankings(course_id,edition_id,username,skill_id,rank_before,rank_after) VALUES (17,37,'JiH',22,1,NULL);
INSERT INTO skill_rankings(course_id,edition_id,username,skill_id,rank_before,rank_after) VALUES (17,37,'JiH',64,1,3);
INSERT INTO skill_rankings(course_id,edition_id,username,skill_id,rank_before,rank_after) VALUES (17,37,'c4lz',13,1,4);
INSERT INTO skill_rankings(course_id,edition_id,username,skill_id,rank_before,rank_after) VALUES (17,37,'c4lz',52,1,NULL);
INSERT INTO skill_rankings(course_id,edition_id,username,skill_id,rank_before,rank_after) VALUES (17,37,'c4lz',74,1,4);
INSERT INTO skill_rankings(course_id,edition_id,username,skill_id,rank_before,rank_after) VALUES (17,37,'madame_id',45,1,4);
INSERT INTO skill_rankings(course_id,edition_id,username,skill_id,rank_before,rank_after) VALUES (17,37,'madame_id',52,1,4);
INSERT INTO skill_rankings(course_id,edition_id,username,skill_id,rank_before,rank_after) VALUES (17,37,'raz24',43,2,4);
INSERT INTO skill_rankings(course_id,edition_id,username,skill_id,rank_before,rank_after) VALUES (17,44,'JiH',13,1,5);
INSERT INTO skill_rankings(course_id,edition_id,username,skill_id,rank_before,rank_after) VALUES (17,44,'JiH',22,1,NULL);
INSERT INTO skill_rankings(course_id,edition_id,username,skill_id,rank_before,rank_after) VALUES (17,44,'JiH',64,1,3);
INSERT INTO skill_rankings(course_id,edition_id,username,skill_id,rank_before,rank_after) VALUES (17,44,'c4lz',13,1,4);
INSERT INTO skill_rankings(course_id,edition_id,username,skill_id,rank_before,rank_after) VALUES (17,44,'c4lz',52,1,NULL);
INSERT INTO skill_rankings(course_id,edition_id,username,skill_id,rank_before,rank_after) VALUES (17,44,'c4lz',74,1,4);
INSERT INTO skill_rankings(course_id,edition_id,username,skill_id,rank_before,rank_after) VALUES (17,44,'madame_id',45,1,4);
INSERT INTO skill_rankings(course_id,edition_id,username,skill_id,rank_before,rank_after) VALUES (17,44,'madame_id',52,1,4);
INSERT INTO skill_rankings(course_id,edition_id,username,skill_id,rank_before,rank_after) VALUES (17,44,'raz24',43,2,4);
INSERT INTO skill_rankings(course_id,edition_id,username,skill_id,rank_before,rank_after) VALUES (17,56,'JiH',13,1,5);
INSERT INTO skill_rankings(course_id,edition_id,username,skill_id,rank_before,rank_after) VALUES (17,56,'JiH',22,1,NULL);
INSERT INTO skill_rankings(course_id,edition_id,username,skill_id,rank_before,rank_after) VALUES (17,56,'JiH',64,1,3);
INSERT INTO skill_rankings(course_id,edition_id,username,skill_id,rank_before,rank_after) VALUES (17,56,'c4lz',13,1,4);
INSERT INTO skill_rankings(course_id,edition_id,username,skill_id,rank_before,rank_after) VALUES (17,56,'c4lz',52,1,NULL);
INSERT INTO skill_rankings(course_id,edition_id,username,skill_id,rank_before,rank_after) VALUES (17,56,'c4lz',74,1,4);
INSERT INTO skill_rankings(course_id,edition_id,username,skill_id,rank_before,rank_after) VALUES (17,56,'madame_id',45,1,4);
INSERT INTO skill_rankings(course_id,edition_id,username,skill_id,rank_before,rank_after) VALUES (17,56,'madame_id',52,1,4);
INSERT INTO skill_rankings(course_id,edition_id,username,skill_id,rank_before,rank_after) VALUES (17,56,'raz24',43,2,4);
INSERT INTO skill_rankings(course_id,edition_id,username,skill_id,rank_before,rank_after) VALUES (18,38,'JiH',1,2,4);
INSERT INTO skill_rankings(course_id,edition_id,username,skill_id,rank_before,rank_after) VALUES (18,38,'JiH',19,1,NULL);
INSERT INTO skill_rankings(course_id,edition_id,username,skill_id,rank_before,rank_after) VALUES (18,38,'JiH',29,1,5);
INSERT INTO skill_rankings(course_id,edition_id,username,skill_id,rank_before,rank_after) VALUES (18,38,'madame_id',29,1,2);
INSERT INTO skill_rankings(course_id,edition_id,username,skill_id,rank_before,rank_after) VALUES (18,42,'JiH',1,2,4);
INSERT INTO skill_rankings(course_id,edition_id,username,skill_id,rank_before,rank_after) VALUES (18,42,'JiH',19,1,NULL);
INSERT INTO skill_rankings(course_id,edition_id,username,skill_id,rank_before,rank_after) VALUES (18,42,'JiH',29,1,5);
INSERT INTO skill_rankings(course_id,edition_id,username,skill_id,rank_before,rank_after) VALUES (18,42,'madame_id',29,1,2);
INSERT INTO skill_rankings(course_id,edition_id,username,skill_id,rank_before,rank_after) VALUES (19,7,'c4lz',21,1,5);
INSERT INTO skill_rankings(course_id,edition_id,username,skill_id,rank_before,rank_after) VALUES (19,7,'madame_id',76,1,2);
INSERT INTO skill_rankings(course_id,edition_id,username,skill_id,rank_before,rank_after) VALUES (19,46,'c4lz',21,1,5);
INSERT INTO skill_rankings(course_id,edition_id,username,skill_id,rank_before,rank_after) VALUES (19,46,'madame_id',76,1,2);
INSERT INTO skill_rankings(course_id,edition_id,username,skill_id,rank_before,rank_after) VALUES (20,13,'cai',60,3,3);
INSERT INTO skill_rankings(course_id,edition_id,username,skill_id,rank_before,rank_after) VALUES (20,13,'madame_id',20,3,4);
INSERT INTO skill_rankings(course_id,edition_id,username,skill_id,rank_before,rank_after) VALUES (20,13,'student335',57,3,NULL);
INSERT INTO skill_rankings(course_id,edition_id,username,skill_id,rank_before,rank_after) VALUES (20,13,'student335',60,3,4);
INSERT INTO skill_rankings(course_id,edition_id,username,skill_id,rank_before,rank_after) VALUES (20,13,'student335',63,2,3);
INSERT INTO skill_rankings(course_id,edition_id,username,skill_id,rank_before,rank_after) VALUES (20,40,'cai',60,3,3);
INSERT INTO skill_rankings(course_id,edition_id,username,skill_id,rank_before,rank_after) VALUES (20,40,'madame_id',20,3,4);
INSERT INTO skill_rankings(course_id,edition_id,username,skill_id,rank_before,rank_after) VALUES (20,40,'student335',57,3,NULL);
INSERT INTO skill_rankings(course_id,edition_id,username,skill_id,rank_before,rank_after) VALUES (20,40,'student335',60,3,4);
INSERT INTO skill_rankings(course_id,edition_id,username,skill_id,rank_before,rank_after) VALUES (20,40,'student335',63,2,3);
INSERT INTO skill_rankings(course_id,edition_id,username,skill_id,rank_before,rank_after) VALUES (20,59,'cai',60,3,3);
INSERT INTO skill_rankings(course_id,edition_id,username,skill_id,rank_before,rank_after) VALUES (20,59,'madame_id',20,3,4);
INSERT INTO skill_rankings(course_id,edition_id,username,skill_id,rank_before,rank_after) VALUES (20,59,'student335',57,3,NULL);
INSERT INTO skill_rankings(course_id,edition_id,username,skill_id,rank_before,rank_after) VALUES (20,59,'student335',60,3,4);
INSERT INTO skill_rankings(course_id,edition_id,username,skill_id,rank_before,rank_after) VALUES (20,59,'student335',63,2,3);
INSERT INTO skill_rankings(course_id,edition_id,username,skill_id,rank_before,rank_after) VALUES (21,10,'cai',59,2,3);
INSERT INTO skill_rankings(course_id,edition_id,username,skill_id,rank_before,rank_after) VALUES (22,9,'cai',23,2,3);
INSERT INTO skill_rankings(course_id,edition_id,username,skill_id,rank_before,rank_after) VALUES (22,9,'ccccc',30,3,4);
INSERT INTO skill_rankings(course_id,edition_id,username,skill_id,rank_before,rank_after) VALUES (22,9,'ccccc',68,2,4);
INSERT INTO skill_rankings(course_id,edition_id,username,skill_id,rank_before,rank_after) VALUES (22,22,'cai',23,2,3);
INSERT INTO skill_rankings(course_id,edition_id,username,skill_id,rank_before,rank_after) VALUES (22,22,'ccccc',30,3,4);
INSERT INTO skill_rankings(course_id,edition_id,username,skill_id,rank_before,rank_after) VALUES (22,22,'ccccc',68,2,4);
INSERT INTO skill_rankings(course_id,edition_id,username,skill_id,rank_before,rank_after) VALUES (23,19,'ccccc',39,2,4);
INSERT INTO skill_rankings(course_id,edition_id,username,skill_id,rank_before,rank_after) VALUES (23,19,'ccccc',79,3,4);
INSERT INTO skill_rankings(course_id,edition_id,username,skill_id,rank_before,rank_after) VALUES (24,20,'ccccc',29,1,4);
INSERT INTO skill_rankings(course_id,edition_id,username,skill_id,rank_before,rank_after) VALUES (24,20,'ccccc',40,5,5);
INSERT INTO skill_rankings(course_id,edition_id,username,skill_id,rank_before,rank_after) VALUES (24,20,'ilovechicken',41,3,5);
INSERT INTO skill_rankings(course_id,edition_id,username,skill_id,rank_before,rank_after) VALUES (24,20,'ilovechicken',54,3,4);
INSERT INTO skill_rankings(course_id,edition_id,username,skill_id,rank_before,rank_after) VALUES (24,20,'ilovechicken',58,4,NULL);
INSERT INTO skill_rankings(course_id,edition_id,username,skill_id,rank_before,rank_after) VALUES (24,36,'ccccc',29,1,4);
INSERT INTO skill_rankings(course_id,edition_id,username,skill_id,rank_before,rank_after) VALUES (24,36,'ccccc',40,5,5);
INSERT INTO skill_rankings(course_id,edition_id,username,skill_id,rank_before,rank_after) VALUES (24,36,'ilovechicken',41,3,5);
INSERT INTO skill_rankings(course_id,edition_id,username,skill_id,rank_before,rank_after) VALUES (24,36,'ilovechicken',54,3,4);
INSERT INTO skill_rankings(course_id,edition_id,username,skill_id,rank_before,rank_after) VALUES (24,36,'ilovechicken',58,4,NULL);
INSERT INTO skill_rankings(course_id,edition_id,username,skill_id,rank_before,rank_after) VALUES (25,18,'ccccc',38,1,3);
INSERT INTO skill_rankings(course_id,edition_id,username,skill_id,rank_before,rank_after) VALUES (25,18,'ccccc',67,2,3);
INSERT INTO skill_rankings(course_id,edition_id,username,skill_id,rank_before,rank_after) VALUES (26,23,'cheerful',11,2,3);
INSERT INTO skill_rankings(course_id,edition_id,username,skill_id,rank_before,rank_after) VALUES (27,25,'cheerful',32,1,NULL);
INSERT INTO skill_rankings(course_id,edition_id,username,skill_id,rank_before,rank_after) VALUES (27,25,'cheerful',33,1,3);
INSERT INTO skill_rankings(course_id,edition_id,username,skill_id,rank_before,rank_after) VALUES (27,25,'cheerful',34,1,3);
INSERT INTO skill_rankings(course_id,edition_id,username,skill_id,rank_before,rank_after) VALUES (28,24,'cheerful',27,1,3);
INSERT INTO skill_rankings(course_id,edition_id,username,skill_id,rank_before,rank_after) VALUES (28,24,'cheerful',31,1,4);
INSERT INTO skill_rankings(course_id,edition_id,username,skill_id,rank_before,rank_after) VALUES (29,26,'cheerful',61,3,4);
INSERT INTO skill_rankings(course_id,edition_id,username,skill_id,rank_before,rank_after) VALUES (30,27,'cheerful',25,3,4);
INSERT INTO skill_rankings(course_id,edition_id,username,skill_id,rank_before,rank_after) VALUES (30,27,'cheerful',26,4,NULL);
INSERT INTO skill_rankings(course_id,edition_id,username,skill_id,rank_before,rank_after) VALUES (30,27,'cheerful',61,3,4);
INSERT INTO skill_rankings(course_id,edition_id,username,skill_id,rank_before,rank_after) VALUES (31,41,'madame_id',24,4,5);
INSERT INTO skill_rankings(course_id,edition_id,username,skill_id,rank_before,rank_after) VALUES (31,41,'madame_id',75,4,4);
INSERT INTO skill_rankings(course_id,edition_id,username,skill_id,rank_before,rank_after) VALUES (32,43,'madame_id',36,1,3);
INSERT INTO skill_rankings(course_id,edition_id,username,skill_id,rank_before,rank_after) VALUES (32,43,'raz24',7,1,3);
INSERT INTO skill_rankings(course_id,edition_id,username,skill_id,rank_before,rank_after) VALUES (32,43,'raz24',72,4,4);
INSERT INTO skill_rankings(course_id,edition_id,username,skill_id,rank_before,rank_after) VALUES (32,58,'madame_id',36,1,3);
INSERT INTO skill_rankings(course_id,edition_id,username,skill_id,rank_before,rank_after) VALUES (32,58,'raz24',7,1,3);
INSERT INTO skill_rankings(course_id,edition_id,username,skill_id,rank_before,rank_after) VALUES (32,58,'raz24',72,4,4);
INSERT INTO skill_rankings(course_id,edition_id,username,skill_id,rank_before,rank_after) VALUES (33,47,'mic',37,1,NULL);
INSERT INTO skill_rankings(course_id,edition_id,username,skill_id,rank_before,rank_after) VALUES (33,47,'mic',44,1,5);
INSERT INTO skill_rankings(course_id,edition_id,username,skill_id,rank_before,rank_after) VALUES (33,47,'mic',51,1,5);
INSERT INTO skill_rankings(course_id,edition_id,username,skill_id,rank_before,rank_after) VALUES (34,52,'nielie',13,2,NULL);
INSERT INTO skill_rankings(course_id,edition_id,username,skill_id,rank_before,rank_after) VALUES (34,52,'nielie',53,2,5);
INSERT INTO skill_rankings(course_id,edition_id,username,skill_id,rank_before,rank_after) VALUES (34,52,'nielie',80,3,4);
INSERT INTO skill_rankings(course_id,edition_id,username,skill_id,rank_before,rank_after) VALUES (35,54,'raz24',8,3,4);
INSERT INTO skill_rankings(course_id,edition_id,username,skill_id,rank_before,rank_after) VALUES (35,54,'raz24',9,3,4);
INSERT INTO skill_rankings(course_id,edition_id,username,skill_id,rank_before,rank_after) VALUES (36,60,'student335',66,2,3);
INSERT INTO skill_rankings(course_id,edition_id,username,skill_id,rank_before,rank_after) VALUES (37,61,'ww',28,2,3);
INSERT INTO skill_rankings(course_id,edition_id,username,skill_id,rank_before,rank_after) VALUES (37,61,'ww',62,4,NULL);
INSERT INTO skill_rankings(course_id,edition_id,username,skill_id,rank_before,rank_after) VALUES (37,61,'ww',71,2,3);
END;

BEGIN;
INSERT INTO topic_interests(course_id,edition_id,username,topic_id,interest_before,interest_after) VALUES (1,5,'960120',45,1,4);
INSERT INTO topic_interests(course_id,edition_id,username,topic_id,interest_before,interest_after) VALUES (1,5,'JiH',76,1,4);
INSERT INTO topic_interests(course_id,edition_id,username,topic_id,interest_before,interest_after) VALUES (1,5,'c4lz',76,5,5);
INSERT INTO topic_interests(course_id,edition_id,username,topic_id,interest_before,interest_after) VALUES (1,5,'c4lz',88,5,5);
INSERT INTO topic_interests(course_id,edition_id,username,topic_id,interest_before,interest_after) VALUES (1,5,'cai',72,2,4);
INSERT INTO topic_interests(course_id,edition_id,username,topic_id,interest_before,interest_after) VALUES (1,5,'raz24',28,1,3);
INSERT INTO topic_interests(course_id,edition_id,username,topic_id,interest_before,interest_after) VALUES (1,5,'raz24',45,3,5);
INSERT INTO topic_interests(course_id,edition_id,username,topic_id,interest_before,interest_after) VALUES (1,8,'960120',45,1,4);
INSERT INTO topic_interests(course_id,edition_id,username,topic_id,interest_before,interest_after) VALUES (1,8,'JiH',76,1,4);
INSERT INTO topic_interests(course_id,edition_id,username,topic_id,interest_before,interest_after) VALUES (1,8,'c4lz',76,5,5);
INSERT INTO topic_interests(course_id,edition_id,username,topic_id,interest_before,interest_after) VALUES (1,8,'c4lz',88,5,5);
INSERT INTO topic_interests(course_id,edition_id,username,topic_id,interest_before,interest_after) VALUES (1,8,'cai',72,2,4);
INSERT INTO topic_interests(course_id,edition_id,username,topic_id,interest_before,interest_after) VALUES (1,8,'raz24',28,1,3);
INSERT INTO topic_interests(course_id,edition_id,username,topic_id,interest_before,interest_after) VALUES (1,8,'raz24',45,3,5);
INSERT INTO topic_interests(course_id,edition_id,username,topic_id,interest_before,interest_after) VALUES (1,12,'960120',45,1,4);
INSERT INTO topic_interests(course_id,edition_id,username,topic_id,interest_before,interest_after) VALUES (1,12,'JiH',76,1,4);
INSERT INTO topic_interests(course_id,edition_id,username,topic_id,interest_before,interest_after) VALUES (1,12,'c4lz',76,5,5);
INSERT INTO topic_interests(course_id,edition_id,username,topic_id,interest_before,interest_after) VALUES (1,12,'c4lz',88,5,5);
INSERT INTO topic_interests(course_id,edition_id,username,topic_id,interest_before,interest_after) VALUES (1,12,'cai',72,2,4);
INSERT INTO topic_interests(course_id,edition_id,username,topic_id,interest_before,interest_after) VALUES (1,12,'raz24',28,1,3);
INSERT INTO topic_interests(course_id,edition_id,username,topic_id,interest_before,interest_after) VALUES (1,12,'raz24',45,3,5);
INSERT INTO topic_interests(course_id,edition_id,username,topic_id,interest_before,interest_after) VALUES (1,39,'960120',45,1,4);
INSERT INTO topic_interests(course_id,edition_id,username,topic_id,interest_before,interest_after) VALUES (1,39,'JiH',76,1,4);
INSERT INTO topic_interests(course_id,edition_id,username,topic_id,interest_before,interest_after) VALUES (1,39,'c4lz',76,5,5);
INSERT INTO topic_interests(course_id,edition_id,username,topic_id,interest_before,interest_after) VALUES (1,39,'c4lz',88,5,5);
INSERT INTO topic_interests(course_id,edition_id,username,topic_id,interest_before,interest_after) VALUES (1,39,'cai',72,2,4);
INSERT INTO topic_interests(course_id,edition_id,username,topic_id,interest_before,interest_after) VALUES (1,39,'raz24',28,1,3);
INSERT INTO topic_interests(course_id,edition_id,username,topic_id,interest_before,interest_after) VALUES (1,39,'raz24',45,3,5);
INSERT INTO topic_interests(course_id,edition_id,username,topic_id,interest_before,interest_after) VALUES (1,57,'960120',45,1,4);
INSERT INTO topic_interests(course_id,edition_id,username,topic_id,interest_before,interest_after) VALUES (1,57,'JiH',76,1,4);
INSERT INTO topic_interests(course_id,edition_id,username,topic_id,interest_before,interest_after) VALUES (1,57,'c4lz',76,5,5);
INSERT INTO topic_interests(course_id,edition_id,username,topic_id,interest_before,interest_after) VALUES (1,57,'c4lz',88,5,5);
INSERT INTO topic_interests(course_id,edition_id,username,topic_id,interest_before,interest_after) VALUES (1,57,'cai',72,2,4);
INSERT INTO topic_interests(course_id,edition_id,username,topic_id,interest_before,interest_after) VALUES (1,57,'raz24',28,1,3);
INSERT INTO topic_interests(course_id,edition_id,username,topic_id,interest_before,interest_after) VALUES (1,57,'raz24',45,3,5);
INSERT INTO topic_interests(course_id,edition_id,username,topic_id,interest_before,interest_after) VALUES (2,4,'960120',5,3,4);
INSERT INTO topic_interests(course_id,edition_id,username,topic_id,interest_before,interest_after) VALUES (2,4,'ccccc',16,5,5);
INSERT INTO topic_interests(course_id,edition_id,username,topic_id,interest_before,interest_after) VALUES (2,4,'ccccc',17,5,5);
INSERT INTO topic_interests(course_id,edition_id,username,topic_id,interest_before,interest_after) VALUES (2,4,'ccccc',52,2,4);
INSERT INTO topic_interests(course_id,edition_id,username,topic_id,interest_before,interest_after) VALUES (2,4,'madame_id',52,3,5);
INSERT INTO topic_interests(course_id,edition_id,username,topic_id,interest_before,interest_after) VALUES (2,4,'ncjc',9,4,5);
INSERT INTO topic_interests(course_id,edition_id,username,topic_id,interest_before,interest_after) VALUES (2,4,'raz24',2,3,3);
INSERT INTO topic_interests(course_id,edition_id,username,topic_id,interest_before,interest_after) VALUES (2,4,'raz24',74,1,2);
INSERT INTO topic_interests(course_id,edition_id,username,topic_id,interest_before,interest_after) VALUES (2,21,'960120',5,3,4);
INSERT INTO topic_interests(course_id,edition_id,username,topic_id,interest_before,interest_after) VALUES (2,21,'ccccc',16,5,5);
INSERT INTO topic_interests(course_id,edition_id,username,topic_id,interest_before,interest_after) VALUES (2,21,'ccccc',17,5,5);
INSERT INTO topic_interests(course_id,edition_id,username,topic_id,interest_before,interest_after) VALUES (2,21,'ccccc',52,2,4);
INSERT INTO topic_interests(course_id,edition_id,username,topic_id,interest_before,interest_after) VALUES (2,21,'madame_id',52,3,5);
INSERT INTO topic_interests(course_id,edition_id,username,topic_id,interest_before,interest_after) VALUES (2,21,'ncjc',9,4,5);
INSERT INTO topic_interests(course_id,edition_id,username,topic_id,interest_before,interest_after) VALUES (2,21,'raz24',2,3,3);
INSERT INTO topic_interests(course_id,edition_id,username,topic_id,interest_before,interest_after) VALUES (2,21,'raz24',74,1,2);
INSERT INTO topic_interests(course_id,edition_id,username,topic_id,interest_before,interest_after) VALUES (2,45,'960120',5,3,4);
INSERT INTO topic_interests(course_id,edition_id,username,topic_id,interest_before,interest_after) VALUES (2,45,'ccccc',16,5,5);
INSERT INTO topic_interests(course_id,edition_id,username,topic_id,interest_before,interest_after) VALUES (2,45,'ccccc',17,5,5);
INSERT INTO topic_interests(course_id,edition_id,username,topic_id,interest_before,interest_after) VALUES (2,45,'ccccc',52,2,4);
INSERT INTO topic_interests(course_id,edition_id,username,topic_id,interest_before,interest_after) VALUES (2,45,'madame_id',52,3,5);
INSERT INTO topic_interests(course_id,edition_id,username,topic_id,interest_before,interest_after) VALUES (2,45,'ncjc',9,4,5);
INSERT INTO topic_interests(course_id,edition_id,username,topic_id,interest_before,interest_after) VALUES (2,45,'raz24',2,3,3);
INSERT INTO topic_interests(course_id,edition_id,username,topic_id,interest_before,interest_after) VALUES (2,45,'raz24',74,1,2);
INSERT INTO topic_interests(course_id,edition_id,username,topic_id,interest_before,interest_after) VALUES (2,48,'960120',5,3,4);
INSERT INTO topic_interests(course_id,edition_id,username,topic_id,interest_before,interest_after) VALUES (2,48,'ccccc',16,5,5);
INSERT INTO topic_interests(course_id,edition_id,username,topic_id,interest_before,interest_after) VALUES (2,48,'ccccc',17,5,5);
INSERT INTO topic_interests(course_id,edition_id,username,topic_id,interest_before,interest_after) VALUES (2,48,'ccccc',52,2,4);
INSERT INTO topic_interests(course_id,edition_id,username,topic_id,interest_before,interest_after) VALUES (2,48,'madame_id',52,3,5);
INSERT INTO topic_interests(course_id,edition_id,username,topic_id,interest_before,interest_after) VALUES (2,48,'ncjc',9,4,5);
INSERT INTO topic_interests(course_id,edition_id,username,topic_id,interest_before,interest_after) VALUES (2,48,'raz24',2,3,3);
INSERT INTO topic_interests(course_id,edition_id,username,topic_id,interest_before,interest_after) VALUES (2,48,'raz24',74,1,2);
INSERT INTO topic_interests(course_id,edition_id,username,topic_id,interest_before,interest_after) VALUES (2,55,'960120',5,3,4);
INSERT INTO topic_interests(course_id,edition_id,username,topic_id,interest_before,interest_after) VALUES (2,55,'ccccc',16,5,5);
INSERT INTO topic_interests(course_id,edition_id,username,topic_id,interest_before,interest_after) VALUES (2,55,'ccccc',17,5,5);
INSERT INTO topic_interests(course_id,edition_id,username,topic_id,interest_before,interest_after) VALUES (2,55,'ccccc',52,2,4);
INSERT INTO topic_interests(course_id,edition_id,username,topic_id,interest_before,interest_after) VALUES (2,55,'madame_id',52,3,5);
INSERT INTO topic_interests(course_id,edition_id,username,topic_id,interest_before,interest_after) VALUES (2,55,'ncjc',9,4,5);
INSERT INTO topic_interests(course_id,edition_id,username,topic_id,interest_before,interest_after) VALUES (2,55,'raz24',2,3,3);
INSERT INTO topic_interests(course_id,edition_id,username,topic_id,interest_before,interest_after) VALUES (2,55,'raz24',74,1,2);
INSERT INTO topic_interests(course_id,edition_id,username,topic_id,interest_before,interest_after) VALUES (3,2,'960120',93,2,4);
INSERT INTO topic_interests(course_id,edition_id,username,topic_id,interest_before,interest_after) VALUES (4,1,'960120',25,2,5);
INSERT INTO topic_interests(course_id,edition_id,username,topic_id,interest_before,interest_after) VALUES (5,3,'960120',31,4,3);
INSERT INTO topic_interests(course_id,edition_id,username,topic_id,interest_before,interest_after) VALUES (6,15,'CC',23,2,2);
INSERT INTO topic_interests(course_id,edition_id,username,topic_id,interest_before,interest_after) VALUES (7,17,'CC',59,3,4);
INSERT INTO topic_interests(course_id,edition_id,username,topic_id,interest_before,interest_after) VALUES (8,16,'CC',73,2,5);
INSERT INTO topic_interests(course_id,edition_id,username,topic_id,interest_before,interest_after) VALUES (8,16,'CC',98,1,4);
INSERT INTO topic_interests(course_id,edition_id,username,topic_id,interest_before,interest_after) VALUES (8,16,'nielie',15,2,3);
INSERT INTO topic_interests(course_id,edition_id,username,topic_id,interest_before,interest_after) VALUES (8,16,'nielie',44,3,5);
INSERT INTO topic_interests(course_id,edition_id,username,topic_id,interest_before,interest_after) VALUES (8,16,'nielie',81,2,4);
INSERT INTO topic_interests(course_id,edition_id,username,topic_id,interest_before,interest_after) VALUES (8,50,'CC',73,2,5);
INSERT INTO topic_interests(course_id,edition_id,username,topic_id,interest_before,interest_after) VALUES (8,50,'CC',98,1,4);
INSERT INTO topic_interests(course_id,edition_id,username,topic_id,interest_before,interest_after) VALUES (8,50,'nielie',15,2,3);
INSERT INTO topic_interests(course_id,edition_id,username,topic_id,interest_before,interest_after) VALUES (8,50,'nielie',44,3,5);
INSERT INTO topic_interests(course_id,edition_id,username,topic_id,interest_before,interest_after) VALUES (8,50,'nielie',81,2,4);
INSERT INTO topic_interests(course_id,edition_id,username,topic_id,interest_before,interest_after) VALUES (9,14,'CC',29,2,3);
INSERT INTO topic_interests(course_id,edition_id,username,topic_id,interest_before,interest_after) VALUES (10,11,'Darkmoot',36,3,4);
INSERT INTO topic_interests(course_id,edition_id,username,topic_id,interest_before,interest_after) VALUES (10,11,'Darkmoot',69,3,4);
INSERT INTO topic_interests(course_id,edition_id,username,topic_id,interest_before,interest_after) VALUES (10,11,'Darkmoot',90,3,4);
INSERT INTO topic_interests(course_id,edition_id,username,topic_id,interest_before,interest_after) VALUES (10,11,'cai',63,2,4);
INSERT INTO topic_interests(course_id,edition_id,username,topic_id,interest_before,interest_after) VALUES (10,28,'Darkmoot',36,3,4);
INSERT INTO topic_interests(course_id,edition_id,username,topic_id,interest_before,interest_after) VALUES (10,28,'Darkmoot',69,3,4);
INSERT INTO topic_interests(course_id,edition_id,username,topic_id,interest_before,interest_after) VALUES (10,28,'Darkmoot',90,3,4);
INSERT INTO topic_interests(course_id,edition_id,username,topic_id,interest_before,interest_after) VALUES (10,28,'cai',63,2,4);
INSERT INTO topic_interests(course_id,edition_id,username,topic_id,interest_before,interest_after) VALUES (11,33,'Dong',3,5,5);
INSERT INTO topic_interests(course_id,edition_id,username,topic_id,interest_before,interest_after) VALUES (11,33,'Dong',42,4,5);
INSERT INTO topic_interests(course_id,edition_id,username,topic_id,interest_before,interest_after) VALUES (11,33,'Dong',58,3,5);
INSERT INTO topic_interests(course_id,edition_id,username,topic_id,interest_before,interest_after) VALUES (12,31,'Dong',11,3,5);
INSERT INTO topic_interests(course_id,edition_id,username,topic_id,interest_before,interest_after) VALUES (12,31,'Dong',18,4,5);
INSERT INTO topic_interests(course_id,edition_id,username,topic_id,interest_before,interest_after) VALUES (13,29,'Dong',10,4,NULL);
INSERT INTO topic_interests(course_id,edition_id,username,topic_id,interest_before,interest_after) VALUES (13,29,'Dong',24,3,5);
INSERT INTO topic_interests(course_id,edition_id,username,topic_id,interest_before,interest_after) VALUES (13,29,'fw',8,5,5);
INSERT INTO topic_interests(course_id,edition_id,username,topic_id,interest_before,interest_after) VALUES (13,29,'fw',10,4,4);
INSERT INTO topic_interests(course_id,edition_id,username,topic_id,interest_before,interest_after) VALUES (13,29,'fw',20,4,5);
INSERT INTO topic_interests(course_id,edition_id,username,topic_id,interest_before,interest_after) VALUES (13,29,'nielie',5,2,5);
INSERT INTO topic_interests(course_id,edition_id,username,topic_id,interest_before,interest_after) VALUES (13,29,'nielie',22,2,4);
INSERT INTO topic_interests(course_id,edition_id,username,topic_id,interest_before,interest_after) VALUES (13,29,'nielie',55,3,4);
INSERT INTO topic_interests(course_id,edition_id,username,topic_id,interest_before,interest_after) VALUES (13,35,'Dong',10,4,NULL);
INSERT INTO topic_interests(course_id,edition_id,username,topic_id,interest_before,interest_after) VALUES (13,35,'Dong',24,3,5);
INSERT INTO topic_interests(course_id,edition_id,username,topic_id,interest_before,interest_after) VALUES (13,35,'fw',8,5,5);
INSERT INTO topic_interests(course_id,edition_id,username,topic_id,interest_before,interest_after) VALUES (13,35,'fw',10,4,4);
INSERT INTO topic_interests(course_id,edition_id,username,topic_id,interest_before,interest_after) VALUES (13,35,'fw',20,4,5);
INSERT INTO topic_interests(course_id,edition_id,username,topic_id,interest_before,interest_after) VALUES (13,35,'nielie',5,2,5);
INSERT INTO topic_interests(course_id,edition_id,username,topic_id,interest_before,interest_after) VALUES (13,35,'nielie',22,2,4);
INSERT INTO topic_interests(course_id,edition_id,username,topic_id,interest_before,interest_after) VALUES (13,35,'nielie',55,3,4);
INSERT INTO topic_interests(course_id,edition_id,username,topic_id,interest_before,interest_after) VALUES (13,53,'Dong',10,4,NULL);
INSERT INTO topic_interests(course_id,edition_id,username,topic_id,interest_before,interest_after) VALUES (13,53,'Dong',24,3,5);
INSERT INTO topic_interests(course_id,edition_id,username,topic_id,interest_before,interest_after) VALUES (13,53,'fw',8,5,5);
INSERT INTO topic_interests(course_id,edition_id,username,topic_id,interest_before,interest_after) VALUES (13,53,'fw',10,4,4);
INSERT INTO topic_interests(course_id,edition_id,username,topic_id,interest_before,interest_after) VALUES (13,53,'fw',20,4,5);
INSERT INTO topic_interests(course_id,edition_id,username,topic_id,interest_before,interest_after) VALUES (13,53,'nielie',5,2,5);
INSERT INTO topic_interests(course_id,edition_id,username,topic_id,interest_before,interest_after) VALUES (13,53,'nielie',22,2,4);
INSERT INTO topic_interests(course_id,edition_id,username,topic_id,interest_before,interest_after) VALUES (13,53,'nielie',55,3,4);
INSERT INTO topic_interests(course_id,edition_id,username,topic_id,interest_before,interest_after) VALUES (14,30,'Dong',56,2,4);
INSERT INTO topic_interests(course_id,edition_id,username,topic_id,interest_before,interest_after) VALUES (14,30,'nielie',6,2,4);
INSERT INTO topic_interests(course_id,edition_id,username,topic_id,interest_before,interest_after) VALUES (14,30,'nielie',48,4,5);
INSERT INTO topic_interests(course_id,edition_id,username,topic_id,interest_before,interest_after) VALUES (14,30,'nielie',56,2,5);
INSERT INTO topic_interests(course_id,edition_id,username,topic_id,interest_before,interest_after) VALUES (14,51,'Dong',56,2,4);
INSERT INTO topic_interests(course_id,edition_id,username,topic_id,interest_before,interest_after) VALUES (14,51,'nielie',6,2,4);
INSERT INTO topic_interests(course_id,edition_id,username,topic_id,interest_before,interest_after) VALUES (14,51,'nielie',48,4,5);
INSERT INTO topic_interests(course_id,edition_id,username,topic_id,interest_before,interest_after) VALUES (14,51,'nielie',56,2,5);
INSERT INTO topic_interests(course_id,edition_id,username,topic_id,interest_before,interest_after) VALUES (15,32,'Dong',38,2,3);
INSERT INTO topic_interests(course_id,edition_id,username,topic_id,interest_before,interest_after) VALUES (15,32,'nielie',13,2,3);
INSERT INTO topic_interests(course_id,edition_id,username,topic_id,interest_before,interest_after) VALUES (15,32,'nielie',41,2,3);
INSERT INTO topic_interests(course_id,edition_id,username,topic_id,interest_before,interest_after) VALUES (15,32,'nielie',57,2,4);
INSERT INTO topic_interests(course_id,edition_id,username,topic_id,interest_before,interest_after) VALUES (15,49,'Dong',38,2,3);
INSERT INTO topic_interests(course_id,edition_id,username,topic_id,interest_before,interest_after) VALUES (15,49,'nielie',13,2,3);
INSERT INTO topic_interests(course_id,edition_id,username,topic_id,interest_before,interest_after) VALUES (15,49,'nielie',41,2,3);
INSERT INTO topic_interests(course_id,edition_id,username,topic_id,interest_before,interest_after) VALUES (15,49,'nielie',57,2,4);
INSERT INTO topic_interests(course_id,edition_id,username,topic_id,interest_before,interest_after) VALUES (17,6,'JiH',13,5,5);
INSERT INTO topic_interests(course_id,edition_id,username,topic_id,interest_before,interest_after) VALUES (17,6,'JiH',82,5,5);
INSERT INTO topic_interests(course_id,edition_id,username,topic_id,interest_before,interest_after) VALUES (17,6,'JiH',84,2,2);
INSERT INTO topic_interests(course_id,edition_id,username,topic_id,interest_before,interest_after) VALUES (17,6,'c4lz',66,3,4);
INSERT INTO topic_interests(course_id,edition_id,username,topic_id,interest_before,interest_after) VALUES (17,6,'c4lz',67,3,4);
INSERT INTO topic_interests(course_id,edition_id,username,topic_id,interest_before,interest_after) VALUES (17,6,'c4lz',86,3,4);
INSERT INTO topic_interests(course_id,edition_id,username,topic_id,interest_before,interest_after) VALUES (17,6,'madame_id',67,1,4);
INSERT INTO topic_interests(course_id,edition_id,username,topic_id,interest_before,interest_after) VALUES (17,6,'madame_id',83,2,4);
INSERT INTO topic_interests(course_id,edition_id,username,topic_id,interest_before,interest_after) VALUES (17,6,'raz24',70,3,3);
INSERT INTO topic_interests(course_id,edition_id,username,topic_id,interest_before,interest_after) VALUES (17,6,'raz24',83,2,4);
INSERT INTO topic_interests(course_id,edition_id,username,topic_id,interest_before,interest_after) VALUES (17,6,'raz24',87,3,4);
INSERT INTO topic_interests(course_id,edition_id,username,topic_id,interest_before,interest_after) VALUES (17,37,'JiH',13,5,5);
INSERT INTO topic_interests(course_id,edition_id,username,topic_id,interest_before,interest_after) VALUES (17,37,'JiH',82,5,5);
INSERT INTO topic_interests(course_id,edition_id,username,topic_id,interest_before,interest_after) VALUES (17,37,'JiH',84,2,2);
INSERT INTO topic_interests(course_id,edition_id,username,topic_id,interest_before,interest_after) VALUES (17,37,'c4lz',66,3,4);
INSERT INTO topic_interests(course_id,edition_id,username,topic_id,interest_before,interest_after) VALUES (17,37,'c4lz',67,3,4);
INSERT INTO topic_interests(course_id,edition_id,username,topic_id,interest_before,interest_after) VALUES (17,37,'c4lz',86,3,4);
INSERT INTO topic_interests(course_id,edition_id,username,topic_id,interest_before,interest_after) VALUES (17,37,'madame_id',67,1,4);
INSERT INTO topic_interests(course_id,edition_id,username,topic_id,interest_before,interest_after) VALUES (17,37,'madame_id',83,2,4);
INSERT INTO topic_interests(course_id,edition_id,username,topic_id,interest_before,interest_after) VALUES (17,37,'raz24',70,3,3);
INSERT INTO topic_interests(course_id,edition_id,username,topic_id,interest_before,interest_after) VALUES (17,37,'raz24',83,2,4);
INSERT INTO topic_interests(course_id,edition_id,username,topic_id,interest_before,interest_after) VALUES (17,37,'raz24',87,3,4);
INSERT INTO topic_interests(course_id,edition_id,username,topic_id,interest_before,interest_after) VALUES (17,44,'JiH',13,5,5);
INSERT INTO topic_interests(course_id,edition_id,username,topic_id,interest_before,interest_after) VALUES (17,44,'JiH',82,5,5);
INSERT INTO topic_interests(course_id,edition_id,username,topic_id,interest_before,interest_after) VALUES (17,44,'JiH',84,2,2);
INSERT INTO topic_interests(course_id,edition_id,username,topic_id,interest_before,interest_after) VALUES (17,44,'c4lz',66,3,4);
INSERT INTO topic_interests(course_id,edition_id,username,topic_id,interest_before,interest_after) VALUES (17,44,'c4lz',67,3,4);
INSERT INTO topic_interests(course_id,edition_id,username,topic_id,interest_before,interest_after) VALUES (17,44,'c4lz',86,3,4);
INSERT INTO topic_interests(course_id,edition_id,username,topic_id,interest_before,interest_after) VALUES (17,44,'madame_id',67,1,4);
INSERT INTO topic_interests(course_id,edition_id,username,topic_id,interest_before,interest_after) VALUES (17,44,'madame_id',83,2,4);
INSERT INTO topic_interests(course_id,edition_id,username,topic_id,interest_before,interest_after) VALUES (17,44,'raz24',70,3,3);
INSERT INTO topic_interests(course_id,edition_id,username,topic_id,interest_before,interest_after) VALUES (17,44,'raz24',83,2,4);
INSERT INTO topic_interests(course_id,edition_id,username,topic_id,interest_before,interest_after) VALUES (17,44,'raz24',87,3,4);
INSERT INTO topic_interests(course_id,edition_id,username,topic_id,interest_before,interest_after) VALUES (17,56,'JiH',13,5,5);
INSERT INTO topic_interests(course_id,edition_id,username,topic_id,interest_before,interest_after) VALUES (17,56,'JiH',82,5,5);
INSERT INTO topic_interests(course_id,edition_id,username,topic_id,interest_before,interest_after) VALUES (17,56,'JiH',84,2,2);
INSERT INTO topic_interests(course_id,edition_id,username,topic_id,interest_before,interest_after) VALUES (17,56,'c4lz',66,3,4);
INSERT INTO topic_interests(course_id,edition_id,username,topic_id,interest_before,interest_after) VALUES (17,56,'c4lz',67,3,4);
INSERT INTO topic_interests(course_id,edition_id,username,topic_id,interest_before,interest_after) VALUES (17,56,'c4lz',86,3,4);
INSERT INTO topic_interests(course_id,edition_id,username,topic_id,interest_before,interest_after) VALUES (17,56,'madame_id',67,1,4);
INSERT INTO topic_interests(course_id,edition_id,username,topic_id,interest_before,interest_after) VALUES (17,56,'madame_id',83,2,4);
INSERT INTO topic_interests(course_id,edition_id,username,topic_id,interest_before,interest_after) VALUES (17,56,'raz24',70,3,3);
INSERT INTO topic_interests(course_id,edition_id,username,topic_id,interest_before,interest_after) VALUES (17,56,'raz24',83,2,4);
INSERT INTO topic_interests(course_id,edition_id,username,topic_id,interest_before,interest_after) VALUES (17,56,'raz24',87,3,4);
INSERT INTO topic_interests(course_id,edition_id,username,topic_id,interest_before,interest_after) VALUES (18,38,'JiH',21,5,5);
INSERT INTO topic_interests(course_id,edition_id,username,topic_id,interest_before,interest_after) VALUES (18,38,'JiH',43,5,5);
INSERT INTO topic_interests(course_id,edition_id,username,topic_id,interest_before,interest_after) VALUES (18,38,'JiH',71,5,5);
INSERT INTO topic_interests(course_id,edition_id,username,topic_id,interest_before,interest_after) VALUES (18,38,'madame_id',34,2,4);
INSERT INTO topic_interests(course_id,edition_id,username,topic_id,interest_before,interest_after) VALUES (18,38,'madame_id',43,1,2);
INSERT INTO topic_interests(course_id,edition_id,username,topic_id,interest_before,interest_after) VALUES (18,42,'JiH',21,5,5);
INSERT INTO topic_interests(course_id,edition_id,username,topic_id,interest_before,interest_after) VALUES (18,42,'JiH',43,5,5);
INSERT INTO topic_interests(course_id,edition_id,username,topic_id,interest_before,interest_after) VALUES (18,42,'JiH',71,5,5);
INSERT INTO topic_interests(course_id,edition_id,username,topic_id,interest_before,interest_after) VALUES (18,42,'madame_id',34,2,4);
INSERT INTO topic_interests(course_id,edition_id,username,topic_id,interest_before,interest_after) VALUES (18,42,'madame_id',43,1,2);
INSERT INTO topic_interests(course_id,edition_id,username,topic_id,interest_before,interest_after) VALUES (19,7,'c4lz',7,5,1);
INSERT INTO topic_interests(course_id,edition_id,username,topic_id,interest_before,interest_after) VALUES (19,7,'c4lz',92,5,1);
INSERT INTO topic_interests(course_id,edition_id,username,topic_id,interest_before,interest_after) VALUES (19,7,'c4lz',96,5,1);
INSERT INTO topic_interests(course_id,edition_id,username,topic_id,interest_before,interest_after) VALUES (19,7,'madame_id',14,3,3);
INSERT INTO topic_interests(course_id,edition_id,username,topic_id,interest_before,interest_after) VALUES (19,46,'c4lz',7,5,1);
INSERT INTO topic_interests(course_id,edition_id,username,topic_id,interest_before,interest_after) VALUES (19,46,'c4lz',92,5,1);
INSERT INTO topic_interests(course_id,edition_id,username,topic_id,interest_before,interest_after) VALUES (19,46,'c4lz',96,5,1);
INSERT INTO topic_interests(course_id,edition_id,username,topic_id,interest_before,interest_after) VALUES (19,46,'madame_id',14,3,3);
INSERT INTO topic_interests(course_id,edition_id,username,topic_id,interest_before,interest_after) VALUES (20,13,'cai',72,2,3);
INSERT INTO topic_interests(course_id,edition_id,username,topic_id,interest_before,interest_after) VALUES (20,13,'madame_id',16,4,5);
INSERT INTO topic_interests(course_id,edition_id,username,topic_id,interest_before,interest_after) VALUES (20,13,'madame_id',17,4,5);
INSERT INTO topic_interests(course_id,edition_id,username,topic_id,interest_before,interest_after) VALUES (20,13,'student335',22,4,5);
INSERT INTO topic_interests(course_id,edition_id,username,topic_id,interest_before,interest_after) VALUES (20,13,'student335',62,4,4);
INSERT INTO topic_interests(course_id,edition_id,username,topic_id,interest_before,interest_after) VALUES (20,13,'student335',79,4,4);
INSERT INTO topic_interests(course_id,edition_id,username,topic_id,interest_before,interest_after) VALUES (20,40,'cai',72,2,3);
INSERT INTO topic_interests(course_id,edition_id,username,topic_id,interest_before,interest_after) VALUES (20,40,'madame_id',16,4,5);
INSERT INTO topic_interests(course_id,edition_id,username,topic_id,interest_before,interest_after) VALUES (20,40,'madame_id',17,4,5);
INSERT INTO topic_interests(course_id,edition_id,username,topic_id,interest_before,interest_after) VALUES (20,40,'student335',22,4,5);
INSERT INTO topic_interests(course_id,edition_id,username,topic_id,interest_before,interest_after) VALUES (20,40,'student335',62,4,4);
INSERT INTO topic_interests(course_id,edition_id,username,topic_id,interest_before,interest_after) VALUES (20,40,'student335',79,4,4);
INSERT INTO topic_interests(course_id,edition_id,username,topic_id,interest_before,interest_after) VALUES (20,59,'cai',72,2,3);
INSERT INTO topic_interests(course_id,edition_id,username,topic_id,interest_before,interest_after) VALUES (20,59,'madame_id',16,4,5);
INSERT INTO topic_interests(course_id,edition_id,username,topic_id,interest_before,interest_after) VALUES (20,59,'madame_id',17,4,5);
INSERT INTO topic_interests(course_id,edition_id,username,topic_id,interest_before,interest_after) VALUES (20,59,'student335',22,4,5);
INSERT INTO topic_interests(course_id,edition_id,username,topic_id,interest_before,interest_after) VALUES (20,59,'student335',62,4,4);
INSERT INTO topic_interests(course_id,edition_id,username,topic_id,interest_before,interest_after) VALUES (20,59,'student335',79,4,4);
INSERT INTO topic_interests(course_id,edition_id,username,topic_id,interest_before,interest_after) VALUES (21,10,'cai',12,3,4);
INSERT INTO topic_interests(course_id,edition_id,username,topic_id,interest_before,interest_after) VALUES (21,10,'cai',75,3,4);
INSERT INTO topic_interests(course_id,edition_id,username,topic_id,interest_before,interest_after) VALUES (21,10,'cai',85,3,4);
INSERT INTO topic_interests(course_id,edition_id,username,topic_id,interest_before,interest_after) VALUES (22,9,'cai',89,2,4);
INSERT INTO topic_interests(course_id,edition_id,username,topic_id,interest_before,interest_after) VALUES (22,9,'ccccc',68,2,4);
INSERT INTO topic_interests(course_id,edition_id,username,topic_id,interest_before,interest_after) VALUES (22,9,'ccccc',77,3,1);
INSERT INTO topic_interests(course_id,edition_id,username,topic_id,interest_before,interest_after) VALUES (22,22,'cai',89,2,4);
INSERT INTO topic_interests(course_id,edition_id,username,topic_id,interest_before,interest_after) VALUES (22,22,'ccccc',68,2,4);
INSERT INTO topic_interests(course_id,edition_id,username,topic_id,interest_before,interest_after) VALUES (22,22,'ccccc',77,3,1);
INSERT INTO topic_interests(course_id,edition_id,username,topic_id,interest_before,interest_after) VALUES (23,19,'ccccc',65,2,4);
INSERT INTO topic_interests(course_id,edition_id,username,topic_id,interest_before,interest_after) VALUES (23,19,'ccccc',80,1,3);
INSERT INTO topic_interests(course_id,edition_id,username,topic_id,interest_before,interest_after) VALUES (24,20,'ccccc',4,2,4);
INSERT INTO topic_interests(course_id,edition_id,username,topic_id,interest_before,interest_after) VALUES (24,20,'ccccc',16,5,5);
INSERT INTO topic_interests(course_id,edition_id,username,topic_id,interest_before,interest_after) VALUES (24,20,'ccccc',17,5,5);
INSERT INTO topic_interests(course_id,edition_id,username,topic_id,interest_before,interest_after) VALUES (24,20,'ilovechicken',5,5,4);
INSERT INTO topic_interests(course_id,edition_id,username,topic_id,interest_before,interest_after) VALUES (24,20,'ilovechicken',37,4,2);
INSERT INTO topic_interests(course_id,edition_id,username,topic_id,interest_before,interest_after) VALUES (24,20,'ilovechicken',52,5,3);
INSERT INTO topic_interests(course_id,edition_id,username,topic_id,interest_before,interest_after) VALUES (24,36,'ccccc',4,2,4);
INSERT INTO topic_interests(course_id,edition_id,username,topic_id,interest_before,interest_after) VALUES (24,36,'ccccc',16,5,5);
INSERT INTO topic_interests(course_id,edition_id,username,topic_id,interest_before,interest_after) VALUES (24,36,'ccccc',17,5,5);
INSERT INTO topic_interests(course_id,edition_id,username,topic_id,interest_before,interest_after) VALUES (24,36,'ilovechicken',5,5,4);
INSERT INTO topic_interests(course_id,edition_id,username,topic_id,interest_before,interest_after) VALUES (24,36,'ilovechicken',37,4,2);
INSERT INTO topic_interests(course_id,edition_id,username,topic_id,interest_before,interest_after) VALUES (24,36,'ilovechicken',52,5,3);
INSERT INTO topic_interests(course_id,edition_id,username,topic_id,interest_before,interest_after) VALUES (25,18,'ccccc',51,1,4);
INSERT INTO topic_interests(course_id,edition_id,username,topic_id,interest_before,interest_after) VALUES (26,23,'cheerful',26,3,4);
INSERT INTO topic_interests(course_id,edition_id,username,topic_id,interest_before,interest_after) VALUES (26,23,'cheerful',33,3,4);
INSERT INTO topic_interests(course_id,edition_id,username,topic_id,interest_before,interest_after) VALUES (27,25,'cheerful',46,3,4);
INSERT INTO topic_interests(course_id,edition_id,username,topic_id,interest_before,interest_after) VALUES (27,25,'cheerful',47,2,3);
INSERT INTO topic_interests(course_id,edition_id,username,topic_id,interest_before,interest_after) VALUES (28,24,'cheerful',39,3,3);
INSERT INTO topic_interests(course_id,edition_id,username,topic_id,interest_before,interest_after) VALUES (28,24,'cheerful',40,2,4);
INSERT INTO topic_interests(course_id,edition_id,username,topic_id,interest_before,interest_after) VALUES (29,26,'cheerful',1,3,4);
INSERT INTO topic_interests(course_id,edition_id,username,topic_id,interest_before,interest_after) VALUES (29,26,'cheerful',53,2,4);
INSERT INTO topic_interests(course_id,edition_id,username,topic_id,interest_before,interest_after) VALUES (29,26,'cheerful',54,2,4);
INSERT INTO topic_interests(course_id,edition_id,username,topic_id,interest_before,interest_after) VALUES (30,27,'cheerful',35,2,4);
INSERT INTO topic_interests(course_id,edition_id,username,topic_id,interest_before,interest_after) VALUES (30,27,'cheerful',78,2,4);
INSERT INTO topic_interests(course_id,edition_id,username,topic_id,interest_before,interest_after) VALUES (30,27,'cheerful',95,2,3);
INSERT INTO topic_interests(course_id,edition_id,username,topic_id,interest_before,interest_after) VALUES (31,41,'madame_id',60,3,4);
INSERT INTO topic_interests(course_id,edition_id,username,topic_id,interest_before,interest_after) VALUES (32,43,'madame_id',48,1,4);
INSERT INTO topic_interests(course_id,edition_id,username,topic_id,interest_before,interest_after) VALUES (32,43,'raz24',61,4,5);
INSERT INTO topic_interests(course_id,edition_id,username,topic_id,interest_before,interest_after) VALUES (32,43,'raz24',94,3,3);
INSERT INTO topic_interests(course_id,edition_id,username,topic_id,interest_before,interest_after) VALUES (32,43,'raz24',97,2,4);
INSERT INTO topic_interests(course_id,edition_id,username,topic_id,interest_before,interest_after) VALUES (32,58,'madame_id',48,1,4);
INSERT INTO topic_interests(course_id,edition_id,username,topic_id,interest_before,interest_after) VALUES (32,58,'raz24',61,4,5);
INSERT INTO topic_interests(course_id,edition_id,username,topic_id,interest_before,interest_after) VALUES (32,58,'raz24',94,3,3);
INSERT INTO topic_interests(course_id,edition_id,username,topic_id,interest_before,interest_after) VALUES (32,58,'raz24',97,2,4);
INSERT INTO topic_interests(course_id,edition_id,username,topic_id,interest_before,interest_after) VALUES (33,47,'mic',12,5,5);
INSERT INTO topic_interests(course_id,edition_id,username,topic_id,interest_before,interest_after) VALUES (33,47,'mic',30,5,5);
INSERT INTO topic_interests(course_id,edition_id,username,topic_id,interest_before,interest_after) VALUES (33,47,'mic',50,5,5);
INSERT INTO topic_interests(course_id,edition_id,username,topic_id,interest_before,interest_after) VALUES (34,52,'nielie',13,2,3);
INSERT INTO topic_interests(course_id,edition_id,username,topic_id,interest_before,interest_after) VALUES (34,52,'nielie',19,2,3);
INSERT INTO topic_interests(course_id,edition_id,username,topic_id,interest_before,interest_after) VALUES (34,52,'nielie',57,2,4);
INSERT INTO topic_interests(course_id,edition_id,username,topic_id,interest_before,interest_after) VALUES (35,54,'raz24',32,3,4);
INSERT INTO topic_interests(course_id,edition_id,username,topic_id,interest_before,interest_after) VALUES (35,54,'raz24',52,4,4);
INSERT INTO topic_interests(course_id,edition_id,username,topic_id,interest_before,interest_after) VALUES (35,54,'raz24',91,4,5);
INSERT INTO topic_interests(course_id,edition_id,username,topic_id,interest_before,interest_after) VALUES (36,60,'student335',49,2,4);
INSERT INTO topic_interests(course_id,edition_id,username,topic_id,interest_before,interest_after) VALUES (37,61,'ww',14,1,1);
INSERT INTO topic_interests(course_id,edition_id,username,topic_id,interest_before,interest_after) VALUES (37,61,'ww',27,5,5);
INSERT INTO topic_interests(course_id,edition_id,username,topic_id,interest_before,interest_after) VALUES (37,61,'ww',64,5,4);
END;


